,FILE_NAME,LINE_NUMBER,NODE,Func,Var,predict_proba,predicted
0,DomainTestService.java,28,19,exec(),"new String[]{ ""sh"" ""-c"" ""ping -c 1 "" + domainName }",0.206532632,FALSE
1,DomainTestService.java,35,30,new UnableToTestDomainException(),"Ping returned exit status  exitValue "": "" new String(process.getErrorStream().readAllBytes())",0.206532632,FALSE
2,MainController.java,28,56,new ResponseEntity<>(),testDomain,0.206532632,FALSE
3,MainController.java,42,73,new ResponseEntity<>(),testWebsite,0.998768414,TRUE
4,WebsiteTestService.java,26,94,exchange(),"new HttpEntity<>("""" headers)",0.206532632,FALSE
5,WebsiteTestService.java,24,93,new HttpEntity<>(), new HttpHeaders(),0.206532632,FALSE
