FILE_NAME,LINE_NUMBER,NODE,Func,Var
AppsAdapterPreloadModel.java,90,370,w(),getSimpleName
RecyclerPreloadModelProvider.java,57,386,singletonList(),(position < urisToLoad.size()) ? urisToLoad.get(position) : null
AppsAdapter.java,127,456,setTag(),new AppHolder(view)
AppsAdapter.java,124,453,new AppHolder(),inflate
AppsAdapter.java,150,487,showPopup(),getItem
AppsAdapter.java,192,530,startActivity(),buildIntent
AppsAdapter.java,197,537,startActivity(),getLaunchIntentForPackage
ColorAdapter.java,78,567,setChecked(),getColor
ColorAdapter.java,79,568,setColor(),getColor
CompressedExplorerAdapter.java,108,587,notifyItemChanged(),k
CompressedExplorerAdapter.java,117,602,add(),0
CompressedExplorerAdapter.java,142,625,setAnimation(),loadAnimation
CompressedExplorerAdapter.java,174,652,startAnimation(),loadAnimation
CompressedExplorerAdapter.java,206,694,new CompressedItemViewHolder(),inflate
CompressedExplorerAdapter.java,203,687,new CompressedItemViewHolder(),inflate
CompressedExplorerAdapter.java,266,756,colorizeIcons(),getBackground
HiddenAdapter.java,91,826,new HiddenViewHolder(),inflate
RecyclerAdapter.java,190,877,startAnimation(),loadAnimation
RecyclerAdapter.java,200,888,startAnimation(),loadAnimation
RecyclerAdapter.java,235,935,notifyItemChanged(),"(path.equals(""/"") || (!getBoolean(PREFERENCE_SHOW_GOBACK_BUTTON))) ? 0 : 1"
RecyclerAdapter.java,232,928,notifyItemChanged(),"(path.equals(""/"") || (!getBoolean(PREFERENCE_SHOW_GOBACK_BUTTON))) ? 0 : 1"
RecyclerAdapter.java,229,923,get(),"(path.equals(""/"") || (!getBoolean(PREFERENCE_SHOW_GOBACK_BUTTON))) ? 0 : 1"
RecyclerAdapter.java,262,969,notifyItemChanged(),0
RecyclerAdapter.java,265,976,notifyItemChanged(),0
RecyclerAdapter.java,259,964,get(),0
RecyclerAdapter.java,284,1006,get(),0
RecyclerAdapter.java,297,1026,get(),"(path.equals(""/"") || (!getBoolean(PREFERENCE_SHOW_GOBACK_BUTTON))) ? 0 : 1"
RecyclerAdapter.java,309,1043,get(),0
RecyclerAdapter.java,310,1046,add(),0
RecyclerAdapter.java,348,1088,startAnimation(),loadAnimation
RecyclerAdapter.java,401,1153,createHeaders(),new ArrayList<>(itemsDigested.size())
RecyclerAdapter.java,419,1168,get(),0
RecyclerAdapter.java,434,1184,add(),0 com.amaze.filemanager.adapters.RecyclerAdapter$ListItem
RecyclerAdapter.java,425,1177,add(),0 null
RecyclerAdapter.java,435,1185,add(),0 null
RecyclerAdapter.java,424,1176,add(),0 com.amaze.filemanager.adapters.RecyclerAdapter$ListItem
RecyclerAdapter.java,506,1271,new EmptyViewHolder(),inflate
RecyclerAdapter.java,485,1242,new SpecialViewHolder(),inflate (viewType == TYPE_HEADER_FOLDERS) ? SpecialViewHolder.HEADER_FOLDERS : SpecialViewHolder.HEADER_FILES
RecyclerAdapter.java,500,1263,new ItemViewHolder(),inflate
RecyclerAdapter.java,505,1270,setMinimumHeight(),getDimension getDimension
RecyclerAdapter.java,652,1399,setText(),(!rowItem.isDirectory) ? MimeTypes.getExtension(rowItem.title) : null
RecyclerAdapter.java,538,1313,animate(),((ItemViewHolder) (vholder))
RecyclerAdapter.java,629,1369,showThumbnailWithBackground(),((ItemViewHolder) (vholder))
RecyclerAdapter.java,585,1344,showPopup(),itemsDigested.get(p).elem
RecyclerAdapter.java,774,1547,showRoundedThumbnail(),((ItemViewHolder) (vholder))
RecyclerAdapter.java,765,1527,showRoundedThumbnail(),((ItemViewHolder) (vholder))
RecyclerAdapter.java,626,1366,showThumbnailWithBackground(),((ItemViewHolder) (vholder))
RecyclerAdapter.java,641,1382,showThumbnailWithBackground(),((ItemViewHolder) (vholder))
RecyclerAdapter.java,707,1461,colorizeIcons(),getBackground
RecyclerAdapter.java,863,1680,showPopup(),itemsDigested.get(p).elem
AppConfig.java,247,2029,reportError(),null make
AppConfig.java,244,2025,init(),build
CompressedHelperTask.java,61,2090,new AsyncTaskResult<>(),new ArrayList<>()
CompressedHelperTask.java,63,2093,new AsyncTaskResult<>(),
CompressedHelperTask.java,59,2089,sort(),new ArrayList<>() com.amaze.filemanager.adapters.data.CompressedObjectParcelable$Sorter
CompressedHelperTask.java,58,2088,addElements(),new ArrayList<>()
GzipHelperTask.java,74,2116,isEntryPathValid(),getName
RarHelperTask.java,70,2184,isEntryPathValid(),getFileNameString
SevenZipHelperTask.java,98,2239,publishProgress(),
TarHelperTask.java,64,2276,isEntryPathValid(),getName
ZipHelperTask.java,103,2369,contains(),entry.path
ZipHelperTask.java,106,2373,add(),entry.path
ZipHelperTask.java,113,2382,add(),substring
ZipHelperTask.java,127,2401,add(),entry.path
ZipHelperTask.java,136,2411,contains(),substring
ZipHelperTask.java,140,2415,add(),substring
ZipHelperTask.java,135,2410,substring(),"0 (relativeDirectory.length() + 1) + path1.indexOf(""/"") 1"
ZipHelperTask.java,141,2416,add(),new CompressedObjectParcelable(path entry.date entry.size true)
ZipHelperTask.java,96,2356,new File(),substring
ZipHelperTask.java,111,2381,new CompressedObjectParcelable(),substring true
ZipHelperTask.java,124,2397,contains(),entry.path
ZipHelperTask.java,114,2383,add(),new CompressedObjectParcelable(path entry.date entry.size true)
ZipHelperTask.java,110,2378,contains(),substring
GetSshHostFingerprintTask.java,105,2443,e(),"Unable to connect to [ "":"" ""]"""
GetSshHostFingerprintTask.java,109,2448,tryDisconnect(),create
PemToKeyPairTask.java,225,2579,getKeyPair(),readObject
SshAuthenticationTask.java,153,2628,new AsyncTaskResult<SSHClient>(),
SshAuthenticationTask.java,159,2636,new AsyncTaskResult<SSHClient>(),
SshAuthenticationTask.java,128,2619,new AsyncTaskResult<SSHClient>(),create
SshAuthenticationTask.java,148,2623,new AsyncTaskResult<SSHClient>(),create
SshAuthenticationTask.java,156,2632,new AsyncTaskResult<SSHClient>(),
SshAuthenticationTask.java,184,2670,equals(),getDisconnectReason
CloudLoaderAsyncTask.java,149,2806,toast(),get
CloudLoaderAsyncTask.java,124,2775,updateEntry(),new CloudEntry(OpenMode.GDRIVE cloudStorageDrive.saveAsString())
CloudLoaderAsyncTask.java,291,2998,toast(),get
CloudLoaderAsyncTask.java,160,2820,toast(),get
CloudLoaderAsyncTask.java,204,2872,addAccount(),new Dropbox(mainActivity.getApplicationContext() data.getString(1) data.getString(2))
CloudLoaderAsyncTask.java,333,3050,addAccount(),new OneDrive(mainActivity.getApplicationContext() data.getString(1) data.getString(2))
CloudLoaderAsyncTask.java,330,3048,addEntry(),new CloudEntry(OpenMode.ONEDRIVE cloudStorageOnedrive.saveAsString())
CloudLoaderAsyncTask.java,260,2953,updateEntry(),new CloudEntry(OpenMode.BOX cloudStorageBox.saveAsString())
CloudLoaderAsyncTask.java,282,2984,toast(),get
CloudLoaderAsyncTask.java,84,2731,toast(),get
CloudLoaderAsyncTask.java,229,2909,toast(),get
CloudLoaderAsyncTask.java,339,3059,toast(),get
CloudLoaderAsyncTask.java,133,2783,addAccount(),"new GoogleDrive(mainActivity.getApplicationContext() data.getString(1) """" MainActivity.CLOUD_AUTHENTICATOR_REDIRECT_URI data.getString(2))"
CloudLoaderAsyncTask.java,195,2864,updateEntry(),new CloudEntry(OpenMode.DROPBOX cloudStorageDropbox.saveAsString())
CloudLoaderAsyncTask.java,356,3087,toast(),get
CloudLoaderAsyncTask.java,220,2895,toast(),get
CloudLoaderAsyncTask.java,265,2959,addEntry(),new CloudEntry(OpenMode.BOX cloudStorageBox.saveAsString())
CloudLoaderAsyncTask.java,274,2970,toast(),get
CloudLoaderAsyncTask.java,130,2781,addEntry(),new CloudEntry(OpenMode.GDRIVE cloudStorageDrive.saveAsString())
CloudLoaderAsyncTask.java,347,3073,toast(),get
CloudLoaderAsyncTask.java,201,2870,addEntry(),new CloudEntry(OpenMode.DROPBOX cloudStorageDropbox.saveAsString())
CloudLoaderAsyncTask.java,139,2792,toast(),get
CloudLoaderAsyncTask.java,210,2881,toast(),get
CloudLoaderAsyncTask.java,268,2961,addAccount(),new Box(mainActivity.getApplicationContext() data.getString(1) data.getString(2))
CloudLoaderAsyncTask.java,324,3042,updateEntry(),new CloudEntry(OpenMode.ONEDRIVE cloudStorageOnedrive.saveAsString())
DbViewerTask.java,129,3268,getType(),0
DbViewerTask.java,126,3262,publishProgress(),0
DbViewerTask.java,155,3298,add(),new String[c.getColumnCount()]
DeleteTask.java,122,3381,new AsyncTaskResult<>(),TRUE
DeleteTask.java,103,3359,new AsyncTaskResult<>(),
DeleteTask.java,131,3391,putExtra(),getParent
DeleteTask.java,132,3392,sendBroadcast(),new Intent(MainActivity.KEY_INTENT_LOAD_LIST)
DeleteTask.java,186,3468,delete(),"getContentUri MediaColumns.DATA + ""=?"" new String[]{ file }"
GenerateHashesTask.java,179,3567,read(),new byte[GenericCopyUtil.DEFAULT_BUFFER_SIZE]
GenerateHashesTask.java,189,3581,toHexString(),0xff
GenerateHashesTask.java,191,3587,append(),toHexString
GenerateHashesTask.java,180,3572,update(),new byte[GenericCopyUtil.DEFAULT_BUFFER_SIZE] 0 (length = inputStream.read(input)) != (-1)
GenerateHashesTask.java,207,3607,update(),new byte[8192] 0 read
LoadFilesListTask.java,215,3749,new Pair<>(),addToSmb
LoadFilesListTask.java,200,3744,listCloud(),getAccount
LoadFilesListTask.java,253,3781,sort(),addToSmb com.amaze.filemanager.filesystem.files.FileListSorter
LoadFilesListTask.java,257,3783,new Pair<>(),addToSmb
LoadFilesListTask.java,292,3827,new LayoutElementParcelable(),"nullCheckOrInterrupt getName getPath getPermission getLink """" 0 false getDate """" isDirectory getMode"
LoadFilesListTask.java,314,3836,listMediaCommon(),new String[]{ Media.DATA } null
LoadFilesListTask.java,319,3842,listMediaCommon(),new String[]{ Media.DATA } null
LoadFilesListTask.java,325,3849,listMediaCommon(),"new String[]{ Media.DATA } Media.IS_MUSIC + "" != 0"""
LoadFilesListTask.java,340,3874,createListParcelables(),generateBaseFile
LoadFilesListTask.java,341,3878,add(),createListParcelables
LoadFilesListTask.java,352,3892,query(),getContentUri new String[]{ FileColumns.DATA } null null null
LoadFilesListTask.java,389,3914,createListParcelables(),generateBaseFile
LoadFilesListTask.java,396,3926,sort(),new ArrayList<>()
LoadFilesListTask.java,390,3918,add(),createListParcelables
LoadFilesListTask.java,404,3934,query(),getContentUri new String[]{ FileColumns.DATA } null null null
LoadFilesListTask.java,417,3960,add(),createListParcelables
LoadFilesListTask.java,416,3956,createListParcelables(),generateBaseFile
LoadFilesListTask.java,439,3991,createListParcelables(),generateBaseFile
LoadFilesListTask.java,440,3995,add(),createListParcelables
LoadFilesListTask.java,472,4033,createListParcelables(),generateBaseFile
LoadFilesListTask.java,467,4025,new File(),getString
LoadFilesListTask.java,454,4011,query(),"getContentUri new String[]{ FileColumns.DATA } null null "" DESC LIMIT 20"""
LoadFilesListTask.java,473,4037,add(),createListParcelables
LoadFolderSpaceDataTask.java,92,4069,formatFileSize(),dataArray[0]
LoadFolderSpaceDataTask.java,90,4068,createEntriesFromArray(),getSpaces false
LoadFolderSpaceDataTask.java,106,4081,updateChart(),formatFileSize createEntriesFromArray
LoadFolderSpaceDataTask.java,156,4127,setData(),new PieData(set)
LoadFolderSpaceDataTask.java,151,4123,new PieData(),new PieDataSet(entries null)
MoveFiles.java,109,4173,renameTo(),new File(destPath)
MoveFiles.java,94,4152,get(),0
MoveFiles.java,98,4160,get(),0
MoveFiles.java,107,4171,new File(),"(paths.get(i) + ""/"") + baseFile.getName(context)"
MoveFiles.java,114,4183,renameFile(),"getPath (paths.get(i) + ""/"") + baseFile.getName(context)"
MoveFiles.java,160,4250,sendBroadcast(),new Intent(MainActivity.KEY_INTENT_LOAD_LIST)
MoveFiles.java,175,4273,addAll(),
MoveFiles.java,225,4298,runService(),new Intent(MainActivity.KEY_INTENT_LOAD_LIST)
MoveFiles.java,171,4265,get(),0
PrepareCopyTask.java,200,4394,runService(),new Intent(context CopyService.class)
PrepareCopyTask.java,226,4413,positiveColor(),getAccent
PrepareCopyTask.java,227,4414,negativeColor(),getAccent
PrepareCopyTask.java,228,4415,neutralColor(),getAccent
PrepareCopyTask.java,220,4407,setTint(),findViewById getAccent
PrepareCopyTask.java,212,4403,customView(),inflate true
PrepareCopyTask.java,318,4541,remove(),0
PrepareCopyTask.java,317,4538,get(),0
PrepareCopyTask.java,319,4542,remove(),0
PrepareCopyTask.java,405,4607,add(),(child = getUnvisitedChildNode(visited node)) != null
PrepareCopyTask.java,404,4606,add(),(child = getUnvisitedChildNode(visited node)) != null
PrepareCopyTask.java,403,4603,getUnvisitedChildNode(),element
PrepareCopyTask.java,432,4643,contains(),
ReadFileTask.java,163,4771,e(),"Unable to open file [ getAbsolutePath ""] for reading"""
SearchAsyncTask.java,73,4791,new HybridFile(),params[0]
SearchAsyncTask.java,86,4811,searchRegExMatch(),new HybridFile(openMode path) compile
SearchAsyncTask.java,80,4801,search(),new HybridFile(openMode path)
SearchAsyncTask.java,85,4808,searchRegExFind(),new HybridFile(openMode path) compile
SearchAsyncTask.java,180,4883,charAt(),0
WriteFileAbstraction.java,107,5023,new StreamNotFoundException(),
FileHandler.java,67,5137,new HybridFile(),"getCurrentPath ""/"" ((String) (msg.obj))"
FileHandler.java,75,5151,remove(),0
FileHandler.java,74,5148,equals(),((String) (msg.obj))
AppListLoader.java,78,5194,new File(),new File(object.sourceDir)
AppListLoader.java,101,5208,add(),"new AppDataParcelable(label == null ? object.packageName : label object.sourceDir object.packageName (object.flags + ""_"") + (info != null ? info.versionName : """") Formatter.formatFileSize(getContext() sourceDir.length()) sourceDir.length() sourceDir.lastModified() null)"
AppListLoader.java,90,5207,new AppDataParcelable(),"new File(object.sourceDir) ""_"" formatFileSize length lastModified null"
AppListLoader.java,130,5241,onReleaseResources(),mApps
ServiceWatcherUtil.java,119,5316,equals(),formatShortFileSize
FtpReceiver.java,43,5453,stopService(),new Intent(context FtpService.class)
FtpReceiver.java,41,5447,startService(),new Intent(context FtpService.class)
FtpService.java,148,5489,startForeground(),startNotification
FtpService.java,204,5542,save(),new BaseUser()
FtpService.java,222,5560,init(),getInstance
FtpService.java,202,5537,setAuthorities(),new ArrayList<>()
FtpService.java,218,5558,init(),getInstance
FtpService.java,279,5620,set(),elapsedRealtime 2000 getService
FtpService.java,274,5618,getService(),getApplicationContext 1 new Intent(getApplicationContext() this.getClass())
FtpService.java,321,5668,callIsWifiApEnabled(),getSystemService
FtpService.java,335,5689,intToInet(),getIpAddress
FtpService.java,370,5743,getByAddress(),new byte[4]
AbstractProgressiveService.java,144,5866,setTextViewText(),"(Formatter.formatFileSize(this writtenSize) + ""/"") + Formatter.formatFileSize(this totalSize)"
AbstractProgressiveService.java,209,5902,new DatapointParcelable(),getFileName getSourceSize getSourceFilesProcessed getTotalSize getWrittenSize
AbstractProgressiveService.java,142,5865,setTextViewText(),"(Formatter.formatFileSize(this writtenSize) + ""/"") + Formatter.formatFileSize(this totalSize)"
AbstractProgressiveService.java,220,5903,addDatapoint(),new DatapointParcelable(fileName getProgressHandler().getSourceSize() getProgressHandler().getSourceFilesProcessed() totalSize writtenSize speed move isComplete)
AbstractProgressiveService.java,157,5877,setTextViewText(),formatTimer
AbstractProgressiveService.java,140,5864,setTextViewText(),getFileName
AbstractProgressiveService.java,138,5863,setTextViewText(),getFileName
AbstractProgressiveService.java,238,5930,putDataPackage(),new DatapointParcelable(name amountOfFiles totalBytes move)
AbstractProgressiveService.java,310,5993,getActivity(),101 new Intent(this MainActivity.class)
AbstractProgressiveService.java,321,5999,sendBroadcast(),new Intent(this MainActivity.class)
AbstractProgressiveService.java,313,5994,setContentIntent(),getActivity
AbstractProgressiveService.java,337,6008,setTextViewText(),formatFileSize
AbstractProgressiveService.java,339,6009,setTextViewText(),"formatFileSize ""/s"""
AbstractProgressiveService.java,335,6007,setTextViewText(),formatFileSize
CopyService.java,126,6039,getActivity(),0 new Intent(this MainActivity.class) 0
CopyService.java,135,6044,new NotificationCompat.Action(),getString getBroadcast
CopyService.java,160,6051,putInt(),getIntExtra
CopyService.java,159,6050,putString(),getStringExtra
CopyService.java,161,6052,putParcelableArrayList(),getParcelableArrayListExtra
CopyService.java,158,6049,putBoolean(),getBooleanExtra
CopyService.java,133,6043,getBroadcast(),1234 new Intent(TAG_BROADCAST_COPY_CANCEL)
CopyService.java,166,6055,execute(),new Bundle()
CopyService.java,273,6145,findAndReplaceEncryptedEntry(),
CopyService.java,295,6162,sendBroadcast(),new Intent(MainActivity.KEY_INTENT_LOAD_LIST)
CopyService.java,333,6190,updateEntry(),findEntry new EncryptedEntry()
CopyService.java,336,6193,addEntry(),new EncryptedEntry()
CopyService.java,444,6299,contains(),
CopyService.java,398,6236,copyRoot(),get new HybridFile(OpenMode.FILE targetPath sourceFiles.get(i).getName(c) f1.isDirectory())
CopyService.java,444,6302,add(),
CopyService.java,427,6276,copyRoot(),get new HybridFile(OpenMode.FILE targetPath sourceFiles.get(i).getName(c) f1.isDirectory())
CopyService.java,373,6214,get(),0
CopyService.java,402,6240,copyFiles(),get new HybridFile(OpenMode.FILE targetPath sourceFiles.get(i).getName(c) f1.isDirectory())
CopyService.java,435,6286,add(),
CopyService.java,446,6305,execute(),new ArrayList<>()
DecryptService.java,118,6411,new NotificationCompat.Action(),getString getBroadcast
DecryptService.java,109,6406,getActivity(),0 new Intent(this MainActivity.class) 0
DecryptService.java,116,6410,getBroadcast(),1234 new Intent(TAG_BROADCAST_CRYPT_CANCEL)
DecryptService.java,172,6444,checkFolder(),(baseFile.isDirectory()) ? baseFile.getPath() : baseFile.getPath().substring(0 baseFile.getPath().lastIndexOf('/'))
DecryptService.java,198,6468,sendBroadcast(),new Intent(EncryptDecryptUtils.DECRYPT_BROADCAST)
EncryptService.java,109,6567,getActivity(),0 new Intent(this MainActivity.class) 0
EncryptService.java,116,6571,getBroadcast(),1234 new Intent(TAG_BROADCAST_CRYPT_CANCEL)
EncryptService.java,118,6572,new NotificationCompat.Action(),getString getBroadcast
EncryptService.java,243,6678,sendBroadcast(),new Intent(MainActivity.KEY_INTENT_LOAD_LIST)
ExtractService.java,147,6728,setTotalSize(),getTotalSize
ExtractService.java,121,6720,new NotificationCompat.Action(),getString getBroadcast
ExtractService.java,119,6719,getBroadcast(),1234 new Intent(TAG_BROADCAST_EXTRACT_CANCEL)
ExtractService.java,112,6715,getActivity(),0 new Intent(this MainActivity.class) 0
ExtractService.java,144,6726,getTotalSize(),getStringExtra
ExtractService.java,328,6870,publishProgress(),
ExtractService.java,333,6876,publishProgress(),
ExtractService.java,331,6874,toast(),get getString
ExtractService.java,319,6860,d(),Corrupted LZMA input
ExtractService.java,330,6873,e(),Error while extracting file 
ExtractService.java,271,6843,getExtractorInstance(),getApplicationContext new File(compressedPath) com.amaze.filemanager.asynchronous.services.ExtractService$DoWork$1
ExtractService.java,325,6867,d(),Archive is password protected.
ExtractService.java,380,6943,sendBroadcast(),new Intent(MainActivity.KEY_INTENT_LOAD_LIST)
ExtractService.java,384,6948,toast(),get getString
ZipService.java,126,6999,getBroadcast(),getApplicationContext 1234 new Intent(KEY_COMPRESS_BROADCAST_CANCEL)
ZipService.java,129,7000,new NotificationCompat.Action(),getString getBroadcast
ZipService.java,119,6995,getActivity(),0 new Intent(this MainActivity.class) 0
ZipService.java,97,6976,new File(),getStringExtra
ZipService.java,262,7095,sendBroadcast(),new Intent(MainActivity.KEY_INTENT_LOAD_LIST)
ZipService.java,282,7124,compressFile(),
ZipService.java,324,7191,compressFile(),getName
ZipService.java,309,7164,read(),new byte[GenericCopyUtil.DEFAULT_BUFFER_SIZE]
ZipService.java,311,7169,write(),new byte[GenericCopyUtil.DEFAULT_BUFFER_SIZE] 0 (len = in.read(buf)) > 0
ErrorActivity.java,132,7238,startActivity(),new Intent(context ErrorActivity.class)
ErrorActivity.java,142,7250,reportError(),null
ErrorActivity.java,152,7259,putExtra(),new String[]{ report.getString(STACK_TRACE) }
ErrorActivity.java,154,7261,startActivity(),new Intent(context ErrorActivity.class)
ErrorActivity.java,160,7268,printStackTrace(),new PrintWriter(sw true)
ErrorActivity.java,159,7267,new PrintWriter(),new StringWriter() true
ErrorActivity.java,178,7290,setSupportActionBar(),findViewById
ErrorActivity.java,241,7331,e(),
ErrorActivity.java,276,7375,startActivity(),buildEmailIntent
ErrorActivity.java,284,7389,append(),
ErrorActivity.java,293,7399,navigateUpTo(),new Intent(this returnActivity)
ErrorActivity.java,294,7400,startActivity(),new Intent(this returnActivity)
ErrorActivity.java,323,7410,setText(),"(((((((((((((((errorInfo.userAction + ""\n"") + info.request) + ""\n"") + currentTimeStamp) + ""\n"") + getPackageName()) + ""\n"") + BuildConfig.VERSION_NAME) + ""\n"") + getOsString()) + ""\n"") + Build.DEVICE) + ""\n"") + Build.MODEL) + ""\n"") + Build.PRODUCT"
ErrorActivity.java,340,7431,new JSONObject(),new HashMap<>()
ErrorActivity.java,390,7467,append(),0 1
ErrorActivity.java,431,7501,setText(),\n + getString(guru_meditation)
EncryptedStringTypeConverter.java,48,7667,e(),Error decrypting password
EncryptedStringTypeConverter.java,58,7681,e(),Error encrypting password
CryptHandler.java,78,7784,toArray(),new EncryptedEntry[encryptedEntryList.size()]
TabHandler.java,85,7904,toArray(),new Tab[tabList.size()]
UtilitiesDatabase.java,226,7936,execSQL(),"INSERT INTO  TEMP_TABLE_PREFIX + TABLE_HISTORY "" SELECT * FROM "" "" group by path;"""
UtilitiesDatabase.java,212,7926,execSQL(),"INSERT INTO  TEMP_TABLE_PREFIX + TABLE_HISTORY "" SELECT * FROM "" "" group by path;"""
UtilitiesDatabase.java,219,7931,execSQL(),"INSERT INTO  TEMP_TABLE_PREFIX + TABLE_HISTORY "" SELECT * FROM "" "" group by path;"""
UtilitiesDatabase.java,244,7946,execSQL(),"INSERT INTO  TEMP_TABLE_PREFIX + TABLE_HISTORY "" SELECT * FROM "" "" group by path;"""
UtilitiesDatabase.java,240,7943,execSQL(),"ALTER TABLE  TEMP_TABLE_PREFIX + TABLE_HISTORY "" RENAME TO "" "";"""
UtilitiesDatabase.java,237,7941,execSQL(),"INSERT INTO  TEMP_TABLE_PREFIX + TABLE_HISTORY "" SELECT * FROM "" "" group by path;"""
UtilitiesDatabase.java,215,7928,execSQL(),"ALTER TABLE  TEMP_TABLE_PREFIX + TABLE_HISTORY "" RENAME TO "" "";"""
UtilitiesDatabase.java,205,7921,execSQL(),"INSERT INTO  TEMP_TABLE_PREFIX + TABLE_HISTORY "" SELECT * FROM "" "" group by path;"""
UtilitiesDatabase.java,233,7938,execSQL(),"ALTER TABLE  TEMP_TABLE_PREFIX + TABLE_HISTORY "" RENAME TO "" "";"""
UtilitiesDatabase.java,198,7916,execSQL(),"INSERT INTO  TEMP_TABLE_PREFIX + TABLE_HISTORY "" SELECT * FROM "" "" group by path;"""
UtilitiesDatabase.java,201,7918,execSQL(),"ALTER TABLE  TEMP_TABLE_PREFIX + TABLE_HISTORY "" RENAME TO "" "";"""
UtilitiesDatabase.java,208,7923,execSQL(),"ALTER TABLE  TEMP_TABLE_PREFIX + TABLE_HISTORY "" RENAME TO "" "";"""
UtilitiesDatabase.java,222,7933,execSQL(),"ALTER TABLE  TEMP_TABLE_PREFIX + TABLE_HISTORY "" RENAME TO "" "";"""
UtilitiesDatabase.java,247,7948,execSQL(),"ALTER TABLE  TEMP_TABLE_PREFIX + TABLE_HISTORY "" RENAME TO "" "";"""
UtilitiesDatabase.java,314,7980,execSQL(),"INSERT INTO  TEMP_TABLE_PREFIX + TABLE_HISTORY "" SELECT * FROM "" "" group by path;"""
UtilitiesDatabase.java,280,7965,execSQL(),"INSERT INTO  TEMP_TABLE_PREFIX + TABLE_HISTORY "" SELECT * FROM "" "" group by path;"""
UtilitiesDatabase.java,317,7982,execSQL(),"ALTER TABLE  TEMP_TABLE_PREFIX + TABLE_HISTORY "" RENAME TO "" "";"""
UtilitiesDatabase.java,300,7975,execSQL(),"INSERT INTO  TEMP_TABLE_PREFIX + TABLE_HISTORY "" SELECT * FROM "" "" group by path;"""
UtilitiesDatabase.java,327,7987,execSQL(),"ALTER TABLE  TEMP_TABLE_PREFIX + TABLE_HISTORY "" RENAME TO "" "";"""
UtilitiesDatabase.java,290,7970,execSQL(),"INSERT INTO  TEMP_TABLE_PREFIX + TABLE_HISTORY "" SELECT * FROM "" "" group by path;"""
UtilitiesDatabase.java,260,7955,execSQL(),"INSERT INTO  TEMP_TABLE_PREFIX + TABLE_HISTORY "" SELECT * FROM "" "" group by path;"""
UtilitiesDatabase.java,263,7957,execSQL(),"ALTER TABLE  TEMP_TABLE_PREFIX + TABLE_HISTORY "" RENAME TO "" "";"""
UtilitiesDatabase.java,307,7977,execSQL(),"ALTER TABLE  TEMP_TABLE_PREFIX + TABLE_HISTORY "" RENAME TO "" "";"""
UtilitiesDatabase.java,270,7960,execSQL(),"INSERT INTO  TEMP_TABLE_PREFIX + TABLE_HISTORY "" SELECT * FROM "" "" group by path;"""
UtilitiesDatabase.java,273,7962,execSQL(),"ALTER TABLE  TEMP_TABLE_PREFIX + TABLE_HISTORY "" RENAME TO "" "";"""
UtilitiesDatabase.java,283,7967,execSQL(),"ALTER TABLE  TEMP_TABLE_PREFIX + TABLE_HISTORY "" RENAME TO "" "";"""
UtilitiesDatabase.java,324,7985,execSQL(),"INSERT INTO  TEMP_TABLE_PREFIX + TABLE_HISTORY "" SELECT * FROM "" "" group by path;"""
UtilitiesDatabase.java,293,7972,execSQL(),"ALTER TABLE  TEMP_TABLE_PREFIX + TABLE_HISTORY "" RENAME TO "" "";"""
UtilsHandler.java,252,8119,put(),
UtilsHandler.java,283,8157,getSmbDecryptedPath(),getSmbDecryptedPath
UtilsHandler.java,303,8177,decryptSshPathAsNecessary(),decryptSshPathAsNecessary
UtilsHandler.java,306,8181,e(),"ERROR ""Error decrypting path: "" decryptSshPathAsNecessary"
UtilsHandler.java,386,8261,e(),Error encrypting path
UtilsHandler.java,432,8307,e(),Error encrypting SMB path
CloudStreamServer.java,424,8483,new ByteArrayInputStream(),toByteArray
CloudStreamServer.java,459,8518,read(),new char[512]
CloudStreamServer.java,367,8418,decodeHeader(),"new BufferedReader(new InputStreamReader(hbis ""utf-8"")) new Properties() new Properties() new Properties()"
CloudStreamServer.java,479,8541,sendResponse(),new Properties()
CloudStreamServer.java,355,8406,read(),new byte[bufsize] 0 8192
CloudStreamServer.java,359,8412,new ByteArrayInputStream(),new byte[bufsize] 0 read
CloudStreamServer.java,454,8513,decodeMultipartData(),nextToken toByteArray new BufferedReader(new InputStreamReader(bin)) new Properties()
CloudStreamServer.java,468,8531,decodeParms(), new Properties()
CloudStreamServer.java,401,8456,write(),new byte[bufsize] 0 read 0
CloudStreamServer.java,432,8490,new StringTokenizer(),"getProperty ""; """
CloudStreamServer.java,473,8534,serve(),getProperty getProperty new Properties() new Properties()
CloudStreamServer.java,417,8479,write(),new byte[bufsize] 0 read
CloudStreamServer.java,503,8571,new StringTokenizer(),readLine
CloudStreamServer.java,509,8578,put(),method nextToken
CloudStreamServer.java,538,8611,put(),uri nextToken
CloudStreamServer.java,610,8714,put(),"getProperty """""
CloudStreamServer.java,603,8704,put(),getProperty saveTmpFile
CloudStreamServer.java,576,8658,new StringTokenizer(),"getProperty ""; """
CloudStreamServer.java,602,8703,saveTmpFile(),stripMultipartHeaders stripMultipartHeaders 4
CloudStreamServer.java,629,8744,addElement(),-1
CloudStreamServer.java,656,8779,new FileOutputStream(),createTempFile
CloudStreamServer.java,694,8835,append(),charAt
CloudStreamServer.java,684,8819,charAt(),0
CloudStreamServer.java,751,8906,getProperty(),nextElement
CloudStreamServer.java,765,8919,read(),new byte[8192]
CloudStreamServer.java,739,8886,new PrintWriter(),getOutputStream
CloudStreamServer.java,752,8907,print(),"nextElement "": "" getProperty ""\r\n"""
CloudStreamServer.java,768,8921,write(),new byte[8192] 0 0
CloudStreamer.java,121,9138,moveTo(),0
CloudStreamer.java,114,9122,addHeader(),"Content-Range ""bytes 0-0/"" length"
CloudStreamer.java,130,9147,addHeader(),"Content-Length """" length"
CloudStreamer.java,125,9141,addHeader(),"Content-length """" newLen"
CloudStreamer.java,119,9136,d(),"start= 0 "" endAt="" -1 "" newLen="" fileLen - startFrom"
CloudStreamer.java,122,9139,d(),"Skipped  0 "" bytes"""
CloudStreamer.java,104,9112,d(),"Request:  getProperty "" from: "" 0 "" to: "" -1"
CloudUtil.java,96,9175,onFileFound(),"new HybridFileParcelable((path + ""/"") + cloudMetaData.getName() """" cloudMetaData.getModifiedAt() == null ? 0L : cloudMetaData.getModifiedAt() cloudMetaData.getSize() cloudMetaData.getFolder())"
CloudUtil.java,86,9170,getChildren(),stripPath
Bzip2Extractor.java,63,9459,add(),(tarArchiveEntry = inputStream.getNextTarEntry()) != null
Bzip2Extractor.java,68,9463,onStart(),0 getName
Bzip2Extractor.java,79,9476,extractEntry(),new TarArchiveInputStream(new BZip2CompressorInputStream(new FileInputStream(filePath)))
Bzip2Extractor.java,108,9505,read(),new byte[GenericCopyUtil.DEFAULT_BUFFER_SIZE]
Bzip2Extractor.java,109,9507,write(),new byte[GenericCopyUtil.DEFAULT_BUFFER_SIZE] 0 (len = inputStream.read(buf)) != (-1)
GzipExtractor.java,65,9531,add(),(tarArchiveEntry = inputStream.getNextTarEntry()) != null
GzipExtractor.java,84,9552,extractEntry(),new TarArchiveInputStream(new GzipCompressorInputStream(new FileInputStream(filePath)))
GzipExtractor.java,73,9539,onStart(),0 getName
GzipExtractor.java,118,9585,read(),new byte[GenericCopyUtil.DEFAULT_BUFFER_SIZE]
GzipExtractor.java,105,9569,mkdir(),new File(outputDir fixEntryName(entry.getName()))
GzipExtractor.java,120,9590,write(),new byte[GenericCopyUtil.DEFAULT_BUFFER_SIZE] 0 (len = inputStream.read(buf)) != (-1)
LzmaExtractor.java,68,9619,onStart(),0 getName
LzmaExtractor.java,63,9615,add(),(tarArchiveEntry = inputStream.getNextTarEntry()) != null
LzmaExtractor.java,79,9632,extractEntry(),new TarArchiveInputStream(new LZMACompressorInputStream(new FileInputStream(filePath)))
LzmaExtractor.java,108,9661,read(),new byte[GenericCopyUtil.DEFAULT_BUFFER_SIZE]
LzmaExtractor.java,109,9663,write(),new byte[GenericCopyUtil.DEFAULT_BUFFER_SIZE] 0 (len = inputStream.read(buf)) != (-1)
RarExtractor.java,65,9691,add(),
RarExtractor.java,78,9708,extractEntry(),new Archive(new File(filePath))
RarExtractor.java,73,9699,onStart(),0 getFileNameString
RarExtractor.java,113,9745,read(),new byte[GenericCopyUtil.DEFAULT_BUFFER_SIZE]
RarExtractor.java,92,9720,new File(),replaceAll
RarExtractor.java,115,9750,write(),new byte[GenericCopyUtil.DEFAULT_BUFFER_SIZE] 0 (len = inputStream.read(buf)) != (-1)
RarExtractor.java,99,9728,mkdir(),new File(outputDir name)
SevenZipExtractor.java,70,9783,onStart(),0 getName
SevenZipExtractor.java,65,9779,add(),(entry = sevenzFile.getNextEntry()) != null
SevenZipExtractor.java,74,9788,contains(),(entry = sevenzFile.getNextEntry()) != null
SevenZipExtractor.java,79,9797,extractEntry(),(ArchivePasswordCache.getInstance().containsKey(filePath)) ? new SevenZFile(new File(filePath) ArchivePasswordCache.getInstance().get(filePath).toCharArray()) : new SevenZFile(new File(filePath)) (entry = sevenzFile.getNextEntry()) != null
SevenZipExtractor.java,119,9832,write(),new byte[GenericCopyUtil.DEFAULT_BUFFER_SIZE] 0 read
SevenZipExtractor.java,98,9813,new File(),getName
TarExtractor.java,72,9865,onStart(),0 getName
TarExtractor.java,64,9857,add(),(tarArchiveEntry = inputStream.getNextTarEntry()) != null
TarExtractor.java,82,9878,extractEntry(),new TarArchiveInputStream(new FileInputStream(filePath))
TarExtractor.java,103,9895,mkdir(),new File(outputDir fixEntryName(entry.getName()))
TarExtractor.java,118,9916,write(),new byte[GenericCopyUtil.DEFAULT_BUFFER_SIZE] 0 (len = inputStream.read(buf)) != (-1)
TarExtractor.java,116,9911,read(),new byte[GenericCopyUtil.DEFAULT_BUFFER_SIZE]
XzExtractor.java,79,9958,extractEntry(),new TarArchiveInputStream(new XZCompressorInputStream(new FileInputStream(filePath)))
XzExtractor.java,63,9941,add(),(tarArchiveEntry = inputStream.getNextTarEntry()) != null
XzExtractor.java,68,9945,onStart(),0 getName
XzExtractor.java,109,9989,write(),new byte[GenericCopyUtil.DEFAULT_BUFFER_SIZE] 0 (len = inputStream.read(buf)) != (-1)
XzExtractor.java,108,9987,read(),new byte[GenericCopyUtil.DEFAULT_BUFFER_SIZE]
ZipExtractor.java,79,10031,onStart(),0 getFileName
ZipExtractor.java,84,10040,extractEntry(),new ZipFile(filePath)
ZipExtractor.java,71,10023,add(),((FileHeader) (obj))
ZipExtractor.java,130,10081,read(),new byte[GenericCopyUtil.DEFAULT_BUFFER_SIZE]
ZipExtractor.java,114,10064,mkdir(),new File(outputDir fixEntryName(entry.getFileName()))
ZipExtractor.java,132,10086,write(),new byte[GenericCopyUtil.DEFAULT_BUFFER_SIZE] 0 (len = inputStream.read(buf)) != (-1)
Extractor.java,57,10103,addAll(),new HashSet<>(files.length)
Decompressor.java,65,10210,runService(),new Intent(context ExtractService.class)
Decompressor.java,83,10226,runService(),new Intent(context ExtractService.class)
CompressedHelper.java,95,10360,is7zip(),getExtension
CompressedHelper.java,83,10324,isRar(),getExtension
CompressedHelper.java,87,10336,isGzippedTar(),getExtension
CompressedHelper.java,85,10330,isTar(),getExtension
CompressedHelper.java,81,10318,isZip(),getExtension
CompressedHelper.java,89,10342,isBzippedTar(),getExtension
CompressedHelper.java,91,10348,isXzippedTar(),getExtension
CompressedHelper.java,93,10354,isLzippedTar(),getExtension
CompressedHelper.java,123,10424,is7zip(),getExtension
CompressedHelper.java,117,10406,isBzippedTar(),getExtension
CompressedHelper.java,119,10412,isXzippedTar(),getExtension
CompressedHelper.java,113,10394,isTar(),getExtension
CompressedHelper.java,111,10388,isRar(),getExtension
CompressedHelper.java,121,10418,isLzippedTar(),getExtension
CompressedHelper.java,109,10382,isZip(),getExtension
CompressedHelper.java,115,10400,isGzippedTar(),getExtension
CompressedHelper.java,136,10446,isLzippedTar(),getExtension
CryptUtil.java,225,10553,rsaDecrypt(),new BufferedInputStream(sourceFile.getInputStream(context) GenericCopyUtil.DEFAULT_BUFFER_SIZE) new BufferedOutputStream(targetFile.getOutputStream(context) GenericCopyUtil.DEFAULT_BUFFER_SIZE)
CryptUtil.java,223,10547,aesDecrypt(),new BufferedInputStream(sourceFile.getInputStream(context) GenericCopyUtil.DEFAULT_BUFFER_SIZE) new BufferedOutputStream(targetFile.getOutputStream(context) GenericCopyUtil.DEFAULT_BUFFER_SIZE)
CryptUtil.java,186,10530,mkdirs(),"new HybridFile(targetDirectory.getMode() targetDirectory.getPath() sourceFile.getName(context).replace(CRYPT_EXTENSION """") sourceFile.isDirectory())"
CryptUtil.java,293,10593,rsaEncrypt(),new BufferedInputStream(sourceFile.getInputStream(context) GenericCopyUtil.DEFAULT_BUFFER_SIZE) new BufferedOutputStream(targetFile.getOutputStream(context) GenericCopyUtil.DEFAULT_BUFFER_SIZE)
CryptUtil.java,253,10570,mkdirs(),new HybridFile(targetDirectory.getMode() targetDirectory.getPath() targetFilename sourceFile.isDirectory())
CryptUtil.java,291,10587,aesEncrypt(),new BufferedInputStream(sourceFile.getInputStream(context) GenericCopyUtil.DEFAULT_BUFFER_SIZE) new BufferedOutputStream(targetFile.getOutputStream(context) GenericCopyUtil.DEFAULT_BUFFER_SIZE)
CryptUtil.java,308,10605,encodeToString(),doFinal
CryptUtil.java,305,10603,init(),getSecretKey new GCMParameterSpec(128 IV.getBytes())
CryptUtil.java,318,10612,init(),getSecretKey new GCMParameterSpec(128 IV.getBytes())
CryptUtil.java,321,10614,new String(),doFinal
CryptUtil.java,343,10624,new CipherOutputStream(),getInstance
CryptUtil.java,349,10635,write(),new byte[GenericCopyUtil.DEFAULT_BUFFER_SIZE] 0 (count = inputStream.read(buffer)) != (-1)
CryptUtil.java,338,10621,init(),getSecretKey new GCMParameterSpec(128 IV.getBytes())
CryptUtil.java,347,10630,read(),new byte[GenericCopyUtil.DEFAULT_BUFFER_SIZE]
CryptUtil.java,374,10654,init(),getSecretKey new GCMParameterSpec(128 IV.getBytes())
CryptUtil.java,375,10655,new CipherInputStream(),getInstance
CryptUtil.java,384,10668,write(),new byte[GenericCopyUtil.DEFAULT_BUFFER_SIZE] 0 (count = cipherInputStream.read(buffer)) != (-1)
CryptUtil.java,382,10663,read(),new byte[GenericCopyUtil.DEFAULT_BUFFER_SIZE]
CryptUtil.java,433,10708,init(),getSecretKey new IvParameterSpec(IV.getBytes())
CryptUtil.java,441,10717,read(),new byte[GenericCopyUtil.DEFAULT_BUFFER_SIZE]
CryptUtil.java,438,10711,new CipherOutputStream(),getInstance
CryptUtil.java,443,10722,write(),new byte[GenericCopyUtil.DEFAULT_BUFFER_SIZE] 0 (count = inputStream.read(buffer)) != (-1)
CryptUtil.java,474,10756,write(),new byte[GenericCopyUtil.DEFAULT_BUFFER_SIZE] 0 (count = cipherInputStream.read(buffer)) != (-1)
CryptUtil.java,472,10751,read(),new byte[GenericCopyUtil.DEFAULT_BUFFER_SIZE]
CryptUtil.java,464,10742,init(),getSecretKey new IvParameterSpec(IV.getBytes())
CryptUtil.java,465,10743,new CipherInputStream(),getInstance
CryptUtil.java,494,10776,init(),getSecretKey new IvParameterSpec(IV.getBytes())
CryptUtil.java,506,10785,init(),getSecretKey new IvParameterSpec(IV.getBytes())
CryptUtil.java,509,10787,new String(),doFinal
CryptUtil.java,543,10836,init(),getSecretKey new GCMParameterSpec(128 IV.getBytes())
CryptUtil.java,595,10862,initialize(),build
CryptUtil.java,611,10876,nextBytes(),new byte[16]
CryptUtil.java,613,10877,encryptAESKey(),new byte[16]
CryptUtil.java,630,10891,new CipherOutputStream(),new ByteArrayOutputStream() getInstance
CryptUtil.java,645,10904,decode(),getString
CryptUtil.java,669,10927,add(),(nextByte = inputStream.read()) != (-1)
CryptUtil.java,665,10921,new CipherInputStream(),new ByteArrayInputStream(encodedBytes) getInstance
EncryptDecryptUtils.java,74,10945,addEntry(),new EncryptedEntry(destPath password)
EncryptDecryptUtils.java,73,10944,new EncryptedEntry(),concat
EncryptDecryptUtils.java,145,10986,showDecryptFingerprintDialog(),new Intent(main.getContext() DecryptService.class) getAppTheme new DecryptButtonCallbackInterface() {
FileUtils.java,110,11169,onUpdate(),length
FileUtils.java,155,11241,e(),"folderSizeSftp ""Problem accessing """
FileUtils.java,254,11332,scanFile(),null
FileUtils.java,267,11340,sendBroadcast(),new Intent(Intent.ACTION_MEDIA_SCANNER_SCAN_FILE uri)
FileUtils.java,328,11378,stripPath(),params[0]
FileUtils.java,361,11422,execute(),getMimeType
FileUtils.java,401,11463,startActivity(),new Intent(Intent.ACTION_VIEW)
FileUtils.java,396,11456,setDataAndType(),"fromFile ""application/vnd.android.package-archive"""
FileUtils.java,393,11452,setDataAndType(),"getUriForFile ""application/vnd.android.package-archive"""
FileUtils.java,426,11503,startActivity(),createChooser
FileUtils.java,418,11487,applyNewDocFlag(),new Intent()
FileUtils.java,422,11496,applyNewDocFlag(),new Intent()
FileUtils.java,428,11506,e(),getMessage
FileUtils.java,567,11600,setPrimaryClip(),newPlainText
FileUtils.java,590,11633,reverse(),new ArrayList<>()
FileUtils.java,659,11694,openWith(),getBoolean
FileUtils.java,613,11665,startActivity(),new Intent(m DatabaseViewerActivity.class)
FileUtils.java,619,11675,setDataAndType(),"fromFile ""audio/*"""
FileUtils.java,651,11690,openFileOrShow(),getUriForFile getMimeType getBoolean false
FileUtils.java,646,11682,openFileOrShow(),"getUriForFile ""*/*"" getBoolean false"
FileUtils.java,667,11730,resolveActivity(),new Intent(Intent.ACTION_VIEW)
FileUtils.java,682,11748,openFileOrShow(),getUri getMimeType getBoolean false
FileUtils.java,686,11752,openWith(),getBoolean
FileUtils.java,696,11765,add(),new HybridFile(OpenMode.UNKNOWN o.toString())
FileUtils.java,704,11777,new HybridFile(),
FileUtils.java,706,11779,add(),new HybridFile(OpenMode.UNKNOWN s)
FileUtils.java,740,11827,getLinkPosition(),split
FileUtils.java,760,11860,new HybridFileParcelable(),toString lastModified ((size == null) || (size.trim().length() == 0)) ? -1 : Long.parseLong(size) true
FileUtils.java,750,11848,parseLong(),-1
FileUtils.java,754,11854,parse(), new ParsePosition(0)
FileUtils.java,729,11807,getColonPosition(),split
FileUtils.java,755,11855,new HybridFileParcelable(),toString getTime ((size == null) || (size.trim().length() == 0)) ? -1 : Long.parseLong(size) true
FileUtils.java,799,11904,add(),new Boolean[]{ permLine.charAt(1) == 'r' permLine.charAt(4) == 'r' permLine.charAt(7) == 'r' }
FileUtils.java,801,11906,add(),new Boolean[]{ permLine.charAt(3) == 'x' permLine.charAt(6) == 'x' permLine.charAt(9) == 'x' }
FileUtils.java,800,11905,add(),new Boolean[]{ permLine.charAt(2) == 'w' permLine.charAt(5) == 'w' permLine.charAt(8) == 'w' }
FileUtils.java,889,12001,startActivity(),new Intent(Intent.ACTION_DELETE)
GenericCopyUtil.java,155,12074,isReadable(),new File(mSourceFile.getPath())
GenericCopyUtil.java,294,12215,getDocumentFile(),new File(mSourceFile.getPath()) isDirectory
GenericCopyUtil.java,310,12239,copyFile(),null null
GenericCopyUtil.java,234,12157,upload(),stripPath null getSize true
GenericCopyUtil.java,253,12174,upload(),stripPath null getSize true
GenericCopyUtil.java,216,12141,upload(),stripPath null getSize true
GenericCopyUtil.java,179,12098,getInputStream(),new File(mSourceFile.getPath()) getSize
GenericCopyUtil.java,316,12262,copyFile(),null null
GenericCopyUtil.java,315,12256,copyFile(),null null
GenericCopyUtil.java,171,12091,getDocumentFile(),new File(mSourceFile.getPath()) isDirectory
GenericCopyUtil.java,312,12245,copyFile(),null null
GenericCopyUtil.java,272,12191,upload(),stripPath null getSize true
GenericCopyUtil.java,283,12198,isWritable(),new File(mSourceFile.getPath())
GenericCopyUtil.java,433,12356,read(),allocateDirect
GenericCopyUtil.java,441,12367,write(),allocateDirect
CloudIconDataFetcher.java,59,12380,onDataReady(),decodeStream
CloudIconDataFetcher.java,58,12379,decodeStream(),null new BitmapFactory.Options()
StreamServer.java,328,12592,new StringTokenizer(),"getProperty ""; """
StreamServer.java,297,12558,write(),new byte[bufsize] 0 read 0
StreamServer.java,375,12643,sendResponse(),new Properties()
StreamServer.java,350,12615,decodeMultipartData(),nextToken toByteArray new BufferedReader(new InputStreamReader(bin)) new Properties()
StreamServer.java,355,12620,read(),new char[512]
StreamServer.java,364,12633,decodeParms(), new Properties()
StreamServer.java,369,12636,serve(),getProperty getProperty new Properties() new Properties()
StreamServer.java,263,12520,decodeHeader(),"new BufferedReader(new InputStreamReader(hbis ""utf-8"")) new Properties() new Properties() new Properties()"
StreamServer.java,251,12508,read(),new byte[bufsize] 0 8192
StreamServer.java,255,12514,new ByteArrayInputStream(),new byte[bufsize] 0 read
StreamServer.java,313,12581,write(),new byte[bufsize] 0 read
StreamServer.java,320,12585,new ByteArrayInputStream(),toByteArray
StreamServer.java,405,12680,put(),method nextToken
StreamServer.java,399,12673,new StringTokenizer(),readLine
StreamServer.java,434,12713,put(),uri nextToken
StreamServer.java,472,12760,new StringTokenizer(),"getProperty ""; """
StreamServer.java,506,12816,put(),"getProperty """""
StreamServer.java,499,12806,put(),getProperty saveTmpFile
StreamServer.java,498,12805,saveTmpFile(),stripMultipartHeaders stripMultipartHeaders 4
StreamServer.java,525,12846,addElement(),-1
StreamServer.java,552,12881,new FileOutputStream(),createTempFile
StreamServer.java,590,12937,append(),charAt
StreamServer.java,580,12921,charAt(),0
StreamServer.java,647,13008,getProperty(),nextElement
StreamServer.java,648,13009,print(),"nextElement "": "" getProperty ""\r\n"""
StreamServer.java,661,13021,read(),new byte[8192]
StreamServer.java,664,13023,write(),new byte[8192] 0 0
StreamServer.java,635,12988,new PrintWriter(),getOutputStream
Streamer.java,120,13205,new StreamSource(),null
Streamer.java,136,13233,addHeader(),"Content-length """" newLen"
Streamer.java,88,13167,equals(),getNameFromPath
Streamer.java,115,13204,d(),"Request:  getProperty "" from: "" 0 "" to: "" -1"
Streamer.java,125,13214,addHeader(),"Content-Range ""bytes 0-0/"" length"
Streamer.java,132,13230,moveTo(),0
Streamer.java,133,13231,d(),"Skipped  0 "" bytes"""
Streamer.java,130,13228,d(),"start= 0 "" endAt="" -1 "" newLen="" fileLen - startFrom"
Streamer.java,141,13239,addHeader(),"Content-Length """" length"
Streamer.java,155,13260,substring(),lastIndexOf 1
SshClientUtils.java,85,13285,e(),Error executing template method
SshClientUtils.java,88,13291,tryDisconnect(),getConnection
SshClientUtils.java,119,13329,w(),Error closing SFTP client
SshClientUtils.java,113,13316,e(),Error executing template method
SshClientUtils.java,146,13354,e(),Error executing template method
SshClientUtils.java,152,13367,w(),Error closing SFTP client
SshClientUtils.java,176,13384,e(),Error encrypting path
SshClientUtils.java,196,13399,e(),Error decrypting path
SshClientUtils.java,244,13428,w(),Error closing SSHClient connection
SshClientUtils.java,301,13447,format(),ssh://%s:%s@%s:%d%s defaultPath
SshConnectionPool.java,127,13509,expire(),get
SshConnectionPool.java,123,13501,put(),get
SshConnectionPool.java,125,13505,validate(),get
SshConnectionPool.java,130,13515,put(),get
SshConnectionPool.java,163,13525,get(),deriveSftpPathFrom
SshConnectionPool.java,171,13542,remove(),deriveSftpPathFrom
SshConnectionPool.java,173,13547,put(),deriveSftpPathFrom get
SshConnectionPool.java,166,13533,put(),deriveSftpPathFrom get
SshConnectionPool.java,168,13537,validate(),get
SshConnectionPool.java,170,13541,expire(),get
SshConnectionPool.java,227,13585,create(),getSshHostKey get
CustomFileObserver.java,132,13846,schedule(),com.amaze.filemanager.filesystem.CustomFileObserver$1 Calendar.getInstance().getTimeInMillis() - lastMessagedTime
CustomFileObserver.java,220,13907,onEvent(),
CustomFileObserver.java,219,13905,compare(),list
CustomFileObserver.java,223,13913,onEvent(),
CustomFileObserver.java,222,13911,compare(),list
CustomFileObserver.java,230,13921,removeAll(),new HashSet<>(Arrays.asList(s2))
FileUtil.java,142,13969,read(),new byte[16384]
FileUtil.java,124,13943,transferTo(),0 size getChannel
FileUtil.java,143,13971,write(),new byte[16384] 0 (bytesRead = inStream.read(buffer)) != (-1)
FileUtil.java,148,13977,e(),"Error when copying file from  getAbsolutePath "" to "" getAbsolutePath"
FileUtil.java,452,14111,e(),Error when deleting file  getAbsolutePath
FileUtil.java,449,14107,delete(),getUriFromFile null null
FileUtil.java,465,14130,renameFile(),"getPath (f.getParent() + ""/"") + name"
FileUtil.java,463,14124,new File(),"(f.getParent() + ""/"") + name"
FileUtil.java,514,14176,copyFile(),new File(target fileName)
FileUtil.java,521,14186,deleteFile(),
FileUtil.java,513,14175,new File(),getName
FileUtil.java,537,14198,new File(),getExternalFilesDir getName
FileUtil.java,711,14409,insert(),new ContentValues()
FileUtil.java,689,14385,rmdir(),
FileUtil.java,806,14502,getDocumentFile(),new File(folder fileName) false
FileUtil.java,801,14497,isWritable(),new File(folder fileName)
FileUtil.java,816,14509,deleteFile(),new File(folder fileName)
FileUtil.java,834,14530,substring(),0 lastIndexOf
FileUtil.java,840,14539,add(),substring
FileUtil.java,863,14577,add(),substring
FileUtil.java,857,14568,substring(),0 lastIndexOf
FileUtil.java,945,14667,fromTreeUri(),null
FileUtil.java,926,14640,equals(),getCanonicalPath
FileUtil.java,993,14722,write(),new byte[4096] 0 (bytesRead = in.read(buffer)) != (-1)
FileUtil.java,982,14705,new File(),getExternalFilesDir
FileUtil.java,992,14720,read(),new byte[4096]
FileUtil.java,1039,14776,isWritableNormalOrSaf(),new File(f)
FileUtil.java,1032,14768,isOnExtSdCard(),new File(f)
FileUtil.java,1042,14783,isOnExtSdCard(),new File(f)
FileUtil.java,1065,14812,e(),Could not copy dummy files.
FileUtil.java,1147,14874,delete(),"MediaColumns.DATA + ""=?"" new String[]{ file.getAbsolutePath() }"
FileUtil.java,1136,14867,delete(),"MediaColumns.DATA + ""=?"" new String[]{ file.getAbsolutePath() }"
FileUtil.java,1144,14873,insert(),new ContentValues()
FileUtil.java,1208,14948,update(),"new ContentValues() ""="" getInt null"
FileUtil.java,1166,14897,query(),=? new String[]{ temporaryTrack.getAbsolutePath() } null
FileUtil.java,1180,14913,insert(),new ContentValues()
FileUtil.java,1232,14980,new File(),"getExternalFilesDir ""temptrack.mp3"""
FileUtil.java,1242,14997,write(),new byte[4096] 0 (bytesRead = in.read(buffer)) != (-1)
FileUtil.java,1241,14995,read(),new byte[4096]
FileUtil.java,1289,15062,new MediaFile(),"new File(file "".MediaWriteTemp"")"
FileUtil.java,1281,15051,put(),getTemporaryAlbumId
FileUtil.java,1282,15052,insert(),parse new ContentValues()
FileUtil.java,1276,15045,parse(),'/' getTemporaryAlbumId
FileUtil.java,1280,15048,update(),parse new ContentValues() null null
FileUtil.java,1286,15058,openFileDescriptor(),"parse ""r"""
FileUtil.java,1317,15084,insert(),new ContentValues()
FileUtil.java,1324,15089,openOutputStream(),insert
FileUtil.java,1312,15080,delete(),"MediaColumns.DATA + ""=?"" new String[]{ file.getAbsolutePath() }"
HybridFile.java,235,15296,e(),"Error getting last modified time for SMB [ ""]"""
HybridFile.java,572,15742,folderSize(),getSmbFile
HybridFile.java,640,15861,e(),Error querying server
HybridFile.java,643,15865,e(),Error parsing reply
HybridFile.java,701,15944,e(),Error parsing reply
HybridFile.java,698,15940,e(),Error querying server
HybridFile.java,767,15992,onFileFound(),new HybridFileParcelable(sf)
HybridFile.java,736,16056,onFileFound(),new HybridFileParcelable(path isDirectory info)
HybridFile.java,735,16055,new HybridFileParcelable(),isDirectory
HybridFile.java,739,16060,w(),"DEBUG.listFiles ""IOException"""
HybridFile.java,848,16100,add(),new HybridFileParcelable(smbFile1)
HybridFile.java,847,16099,new HybridFileParcelable(),
HybridFile.java,829,16168,add(),new HybridFileParcelable(path isDirectory info)
HybridFile.java,827,16167,new HybridFileParcelable(),isDirectory
HybridFile.java,832,16172,w(),"DEBUG.listFiles ""IOException"""
HybridFile.java,1227,16711,e(),Error delete SMB file
HybridFile.java,1219,16740,statExistence(),extractRemotePathFrom
HybridFile.java,1217,16735,rmdir(),extractRemotePathFrom
HybridFile.java,1218,16738,rm(),extractRemotePathFrom
MediaStoreHack.java,81,16934,insert(),new ContentValues()
MediaStoreHack.java,76,16928,delete(),"getContentUri MediaColumns.DATA + ""=?"" new String[]{ file.getAbsolutePath() }"
MediaStoreHack.java,83,16935,delete(),"getContentUri MediaColumns.DATA + ""=?"" new String[]{ file.getAbsolutePath() }"
MediaStoreHack.java,103,16959,insert(),getContentUri new ContentValues()
MediaStoreHack.java,104,16960,openInputStream(),insert
MediaStoreHack.java,99,16955,delete(),"getContentUri MediaColumns.DATA + ""=?"" new String[]{ file.getAbsolutePath() }"
MediaStoreHack.java,145,16997,insert(),getContentUri new ContentValues()
MediaStoreHack.java,164,17017,w(),"MediaFile ""Error installing temporary track."""
MediaStoreHack.java,211,17074,update(),"getContentUri new ContentValues() ""="" getInt null"
MediaStoreHack.java,170,17023,query(),"getContentUri ""=?"" new String[]{ temporaryTrack.getAbsolutePath() } null"
MediaStoreHack.java,184,17039,insert(),getContentUri new ContentValues()
MediaStoreHack.java,243,17121,read(),new byte[4096]
MediaStoreHack.java,244,17123,write(),new byte[4096] 0 (bytesRead = in.read(buffer)) != (-1)
MediaStoreHack.java,234,17106,new File(),"getExternalFilesDir ""temptrack.mp3"""
MediaStoreHack.java,268,17154,put(),getTemporaryAlbumId
MediaStoreHack.java,275,17165,delete(),"new File(file "".MediaWriteTemp"")"
MediaStoreHack.java,272,17161,openFileDescriptor(),"parse ""r"""
MediaStoreHack.java,269,17155,insert(),parse new ContentValues()
MediaStoreHack.java,267,17151,update(),parse new ContentValues() null null
Operations.java,277,17441,new ByteArrayInputStream(),new byte[0]
Operations.java,304,17479,new ByteArrayInputStream(),new byte[0]
Operations.java,319,17498,new ByteArrayInputStream(),new byte[0]
Operations.java,292,17460,new ByteArrayInputStream(),new byte[0]
Operations.java,278,17442,upload(),stripPath new ByteArrayInputStream(tempBytes) 0L true
Operations.java,305,17480,upload(),stripPath new ByteArrayInputStream(tempBytes) 0L true
Operations.java,293,17461,upload(),stripPath new ByteArrayInputStream(tempBytes) 0L true
Operations.java,320,17499,upload(),stripPath new ByteArrayInputStream(tempBytes) 0L true
Operations.java,409,17613,renameTo(),new SmbFile(new URL(newFile.getPath()) smbFile.getContext())
Operations.java,529,17747,renameFolder(),new File(oldFile.getPath()) new File(newFile.getPath())
Operations.java,424,17631,e(),Error creating HybridFileParcelable
Operations.java,544,17769,done(),(!file.exists()) && file1.exists()
Operations.java,389,17586,equals(),
Operations.java,427,17633,e(),getString
Operations.java,446,17811,e(),getString
Operations.java,568,17827,scanFile(),new HybridFile[]{ newFile oldFile }
Operations.java,647,17902,new ProcessBuilder(),"new String[]{ ""/bin/bash"" ""-c"" (""df -DO_NOT_REPLACE | awk \'{print $1$2$NF}\' | grep \""^"" + mountPoint) + ""\"""" }"
PasteHelper.java,207,18023,fromHtml(),<b>%s</b>
PasteHelper.java,205,18020,fromHtml(),<b>%s</b>
RootHelper.java,50,18040,new HybridFileParcelable(),getPath parseFilePermission lastModified 0 isDirectory
RootHelper.java,100,18108,listFiles(),getParent true true
RootHelper.java,129,18136,contains(),split getName
RootHelper.java,123,18128,isNullOrEmpty(),getParent
RootHelper.java,131,18143,parseName(),
PermissionsActivity.java,90,18319,requestPermission(),showBasicDialog
PermissionsActivity.java,113,18327,requestPermission(),showBasicDialog
PreferenceActivity.java,106,18446,getBoolean(),FALSE
ThemedActivity.java,79,18477,setTaskDescription(),new ActivityManager.TaskDescription(getString(appbar_name) ((BitmapDrawable) (ContextCompat.getDrawable(this ic_launcher))).getBitmap() getPrimary())
AboutActivity.java,110,18958,setSupportActionBar(),findViewById
AboutActivity.java,156,18975,d(),"((float) (screenWidth)) * vidAspectRatio """""
AboutActivity.java,153,18972,d(),"((float) (HEADER_WIDTH)) / ((float) (HEADER_HEIGHT)) """""
AboutActivity.java,158,18976,d(),"new width:  getResources().getDisplayMetrics().widthPixels "" and height: "" ((float) (screenWidth)) * vidAspectRatio"
AboutActivity.java,193,19018,setText(),"(getResources().getString(easter_egg_title) + "" : "") + mCount"
MainActivity.java,304,19234,showFailedOperationDialog(),getParcelableArrayListExtra
MainActivity.java,398,19318,selectCorrectDrawerItem(),getInt
MainActivity.java,493,19388,add(),getData
MainActivity.java,504,19398,initFabToSave(),getParcelableArrayListExtra
MainActivity.java,494,19389,initFabToSave(),new ArrayList<>()
MainActivity.java,527,19422,checkFolder(),new File(getCurrentMainFragment().getCurrentPath())
MainActivity.java,539,19432,checkFolder(),new File(getCurrentMainFragment().getCurrentPath())
MainActivity.java,632,19515,getVolumeDirectory(),
MainActivity.java,634,19517,equalsIgnoreCase(),getDescription
MainActivity.java,745,19664,equals(),
MainActivity.java,704,19594,isEmpty(),
MainActivity.java,705,19597,add(),getenv
MainActivity.java,673,19552,isEmpty(),getenv
MainActivity.java,743,19658,equals(),
MainActivity.java,714,19607,addAll(),new ArrayList<>() split
MainActivity.java,736,19650,new File(),
MainActivity.java,671,19549,isEmpty(),getenv
MainActivity.java,707,19600,add(),"getenv """""
MainActivity.java,721,19623,canListFiles(),new File(s)
MainActivity.java,739,19652,equals(),
MainActivity.java,697,19584,valueOf(),folders[folders.length - 1]
MainActivity.java,720,19622,new File(),
MainActivity.java,711,19603,isEmpty(),getenv
MainActivity.java,721,19626,add(),
MainActivity.java,751,19674,getDeviceDescriptionLegacy(),new File(s)
MainActivity.java,683,19565,add(),getenv
MainActivity.java,693,19577,split(),getAbsolutePath
MainActivity.java,787,19730,remove(),getFragmentAtFrame
MainActivity.java,845,19809,setArguments(),new Bundle()
MainActivity.java,847,19811,replace(),new TabFragment()
MainActivity.java,905,19861,updatePath(),getCurrentPath getCurrentMainFragment
MainActivity.java,1055,20051,itemsCallbackSingleChoice(),parseInt
MainActivity.java,1072,20057,showHiddenDialog(),getPrefs getCurrentMainFragment getAppTheme
MainActivity.java,1041,20034,showSortDialog(),getCurrentMainFragment getAppTheme getPrefs
MainActivity.java,1005,19991,showHistoryDialog(),getPrefs getCurrentMainFragment getAppTheme
MainActivity.java,1037,20025,showSortDialog(),getFragmentAtFrame getAppTheme
MainActivity.java,1191,20164,registerReceiver(),new IntentFilter()
MainActivity.java,1209,20187,checkIfRootIsFromDevice(),
MainActivity.java,1235,20216,registerReceiver(),new IntentFilter()
MainActivity.java,1310,20298,add(),new CompressedExplorerFragment()
MainActivity.java,1309,20297,setArguments(),new Bundle()
MainActivity.java,1392,20417,takePersistableUriPermission(),getData
MainActivity.java,1412,20442,get(),0
MainActivity.java,1414,20444,putExtra(),get
MainActivity.java,1416,20446,runService(),new Intent(this CopyService.class)
MainActivity.java,1469,20510,setUsbOtgRoot(),getData
MainActivity.java,1558,20589,setMainFabClosedBackgroundColor(),getAccent
MainActivity.java,1559,20590,setMainFabOpenedBackgroundColor(),getAccent
MainActivity.java,1575,20605,setFabBackgroundColor(),getCurrentColorPreference().iconSkin
MainActivity.java,1607,20636,setPrimaryClip(),newPlainText
MainActivity.java,1646,20701,showFailedOperationDialog(),getParcelableArrayListExtra
MainActivity.java,1682,20751,showFailedOperationDialog(),getParcelableArrayListExtra
MainActivity.java,1698,20773,setArguments(),new Bundle()
MainActivity.java,1727,20809,setArguments(),new Bundle()
MainActivity.java,1754,20832,addServer(),new String[]{ name path }
MainActivity.java,1773,20851,removeServer(),containsServer
MainActivity.java,1782,20854,addServer(),new String[]{ name path }
MainActivity.java,1794,20866,removeServer(),containsServer
MainActivity.java,1895,20958,initLoader(),new Bundle()
MainActivity.java,1983,21054,new CursorLoader(),withAppendedId new String[]{ CloudContract.COLUMN_ID CloudContract.COLUMN_CLIENT_ID CloudContract.COLUMN_CLIENT_SECRET_KEY } null null null
MainActivity.java,1973,21044,new CursorLoader(),withAppendedPath new String[]{ CloudContract.COLUMN_ID CloudContract.COLUMN_CLIENT_ID CloudContract.COLUMN_CLIENT_SECRET_KEY } new String[cloudEntries.size() + 1] null
MainActivity.java,1943,21005,new CursorLoader(),withAppendedId new String[]{ CloudContract.COLUMN_ID CloudContract.COLUMN_CLIENT_ID CloudContract.COLUMN_CLIENT_SECRET_KEY } null null null
MainActivity.java,1982,21053,withAppendedId(),withAppendedPath 7
MainActivity.java,2042,21093,mkdir(),getCurrentPath getCurrentTabFragment
MainActivity.java,2045,21098,mkfile(),getCurrentPath getCurrentTabFragment
PreferencesActivity.java,92,21157,setSupportActionBar(),findViewById
PreferencesActivity.java,128,21209,startActivity(),new Intent(this MainActivity.class)
PreferencesActivity.java,151,21244,overridePendingTransition(),anim.fade_in anim.fade_out
PreferencesActivity.java,153,21246,overridePendingTransition(),anim.fade_in anim.fade_out
PreferencesActivity.java,154,21247,startActivity(),new Intent(this MainActivity.class)
PreferencesActivity.java,201,21282,setTaskDescription(),"new ActivityManager.TaskDescription(""Amaze"" ((BitmapDrawable) (getResources().getDrawable(ic_launcher))).getBitmap() primaryColor)"
PreferencesActivity.java,196,21281,new ActivityManager.TaskDescription(),Amaze getBitmap getPrimary
PreferencesActivity.java,232,21314,setStatusBarColor(),getStatusColor
PreferencesActivity.java,220,21300,setStatusBarTintColor(),getPrimary
PreferencesActivity.java,231,21313,getStatusColor(),getPrimary
PreferencesActivity.java,234,21318,setNavigationBarColor(),getStatusColor
PreferencesActivity.java,255,21346,overridePendingTransition(),anim.fade_in anim.fade_out
PreferencesActivity.java,253,21344,overridePendingTransition(),anim.fade_in anim.fade_out
TextEditorActivity.java,171,21471,setScrollY(),getInt
TextEditorActivity.java,365,21570,showPropertiesDialogWithoutPermissions(),new HybridFileParcelable(file.getAbsolutePath()) getAppTheme
TextEditorActivity.java,376,21589,openWith(),getFile getBoolean
TextEditorActivity.java,458,21692,getMetrics(),new DisplayMetrics()
TextEditorActivity.java,494,21724,getMetrics(),new DisplayMetrics()
TextEditorActivity.java,633,21815,removeSpan(),
ColorPref.java,254,21995,invalidateColorPreference(),findPreference
ColorPref.java,285,22007,setEnabled(),sharedPref.getInt(PreferencesConstants.PREFERENCE_COLOR_CONFIG ColorPickerDialog.NO_DATA) == ColorPickerDialog.CUSTOM_INDEX
ColorPref.java,286,22008,setEnabled(),sharedPref.getInt(PreferencesConstants.PREFERENCE_COLOR_CONFIG ColorPickerDialog.NO_DATA) == ColorPickerDialog.CUSTOM_INDEX
ColorPref.java,283,22005,setEnabled(),sharedPref.getInt(PreferencesConstants.PREFERENCE_COLOR_CONFIG ColorPickerDialog.NO_DATA) == ColorPickerDialog.CUSTOM_INDEX
ColorPref.java,284,22006,setEnabled(),sharedPref.getInt(PreferencesConstants.PREFERENCE_COLOR_CONFIG ColorPickerDialog.NO_DATA) == ColorPickerDialog.CUSTOM_INDEX
ColorPref.java,304,22033,invalidateColorPreference(),findPreference
FoldersPref.java,82,22102,put(),new PathSwitchPreference(getActivity()) 0
FoldersPref.java,83,22103,addPreference(),new PathSwitchPreference(getActivity())
FoldersPref.java,144,22163,disableButtonIfTitleEmpty(),findViewById build
FoldersPref.java,145,22164,disableButtonIfNotPath(),findViewById build
FoldersPref.java,207,22183,disableButtonIfNotPath(),findViewById build
FoldersPref.java,206,22182,disableButtonIfTitleEmpty(),findViewById build
PrefFrag.java,237,22301,queryIntentActivities(),buildEmailIntent
PrefFrag.java,293,22360,input(),getString null true
PrefFrag.java,220,22292,itemsCallbackSingleChoice(),parseInt
PrefFrag.java,199,22283,itemsCallbackSingleChoice(),parseInt
PrefFrag.java,378,22393,overridePendingTransition(),anim.fade_in anim.fade_out
PrefFrag.java,380,22395,overridePendingTransition(),anim.fade_in anim.fade_out
PrefFrag.java,413,22426,onRestoreInstanceState(),restoreListViewState
AppsListFragment.java,102,22488,new ListPreloader<>(),with new ViewPreloadSizeProvider<>()
AppsListFragment.java,120,22490,setOnScrollListener(),new ListPreloader<>(GlideApp.with(app) modelProvider sizeProvider GlideConstants.MAX_PRELOAD_APPSADAPTER)
AppsListFragment.java,141,22516,putInt(),(vi == null) ? 0 : vi.getTop()
AppsListFragment.java,140,22515,putInt(),getFirstVisiblePosition
CloudSheetFragment.java,139,22651,setArguments(),new Bundle()
CloudSheetFragment.java,162,22687,startActivity(),new Intent(Intent.ACTION_VIEW)
CloudSheetFragment.java,158,22683,startActivity(),new Intent(Intent.ACTION_VIEW)
CompressedExplorerFragment.java,159,22718,getChildAt(),0
CompressedExplorerFragment.java,333,22886,decompress(),getPath new String[compressedExplorerAdapter.getCheckedItemPositions().size()]
CompressedExplorerFragment.java,313,22863,toggleChecked(),positions.size() != (folder + file)
CompressedExplorerFragment.java,379,22932,bindService(),new Intent(getActivity() ExtractService.class) 0
CompressedExplorerFragment.java,401,22954,openFile(),new File(files.get(files.size() - 1).getPath()) getPrefs
CompressedExplorerFragment.java,460,23015,updatePath(),(!isRootRelativePath()) ? (compressedFile.getName() + SEPARATOR) + relativeDirectory : compressedFile.getName() false null
FtpServerFragment.java,231,23224,customView(),inflate true
FtpServerFragment.java,229,23223,initLoginDialogViews(),inflate
FtpServerFragment.java,332,23262,promptUserToEnableWireless(),getActiveNetworkInfo
FtpServerFragment.java,390,23321,registerReceiver(),new IntentFilter()
FtpServerFragment.java,436,23366,setText(),"getString "": "" new OneCharacterCharSequence('●' passwordDecrypted.length())"
FtpServerFragment.java,589,23461,decryptPassword(),getContext getString
MainFragment.java,293,23632,setItemAnimator(),new DefaultItemAnimator()
MainFragment.java,323,23680,getChildAt(),0
MainFragment.java,384,23761,reloadListElements(),false dataUtils.getListOrGridForPath(CURRENT_PATH DataUtils.LIST) == DataUtils.GRID
MainFragment.java,396,23784,toggleChecked(),null
MainFragment.java,690,24156,showCompressDialog(),getActivity new ArrayList<>()
MainFragment.java,602,24033,deleteFilesDialog(),getContext getMainActivity getCheckedItems getAppTheme
MainFragment.java,575,24007,getUriForBaseFile(),getActivity generateBaseFile
MainFragment.java,584,24016,putParcelableArrayListExtra(),new ArrayList<>()
MainFragment.java,681,24141,setPaste(),new PasteHelper(getMainActivity() op copies)
MainFragment.java,578,24011,add(),getUriForBaseFile
MainFragment.java,631,24069,shareFiles(),new ArrayList<>() getActivity getAppTheme
MainFragment.java,680,24140,new PasteHelper(),getMainActivity (item.getItemId() == id.cpy) ? PasteHelper.OPERATION_COPY : PasteHelper.OPERATION_CUT new HybridFileParcelable[checkedItems.size()]
MainFragment.java,583,24015,setResult(),new Intent(Intent.ACTION_SEND_MULTIPLE)
MainFragment.java,654,24099,rename(),generateBaseFile
MainFragment.java,816,24281,loadlist(),(!layoutElementParcelable.hasSymlink()) ? layoutElementParcelable.desc : layoutElementParcelable.symlink false
MainFragment.java,918,24368,setDataAndType(),getUriForBaseFile getExtension
MainFragment.java,920,24370,setResult(),new Intent()
MainFragment.java,915,24364,putExtra(),getUriForBaseFile
MainFragment.java,913,24363,setDataAndType(),getUriForBaseFile getMimeType
MainFragment.java,1084,24507,scrollToPositionWithOffset(),getInt getInt
MainFragment.java,1082,24504,scrollToPositionWithOffset(),getInt getInt
MainFragment.java,1229,24607,put(),new Bundle()
MainFragment.java,1228,24606,putInt(),top (vi == null) ? 0 : vi.getTop()
MainFragment.java,1227,24605,putInt(),index findFirstVisibleItemPosition
MainFragment.java,1264,24669,canGoBack(),getContext new HybridFile(openMode CURRENT_PATH)
MainFragment.java,1283,24689,addSearchFragment(),getSupportFragmentManager com.amaze.filemanager.ui.fragments.SearchWorkerFragment getParent isRootExplorer getBoolean getBoolean
MainFragment.java,1353,24774,canGoBack(),getContext new HybridFile(openMode CURRENT_PATH)
MainFragment.java,1432,24874,isEmpty(),getQuery
MainFragment.java,1470,24888,add(),"new LayoutElementParcelable(getContext() name aMFilePathBuilder.build().toString() """" """" """" 0 false aMFile.lastModified() + """" true getBoolean(PREFERENCE_SHOW_THUMB) OpenMode.SMB)"
MainFragment.java,1434,24879,new LayoutElementParcelable(),"getContext getName toString """" """" """" 0 false lastModified """" true getBoolean"
MainFragment.java,1454,24885,new LayoutElementParcelable(),"getContext getName getPath """" """" formatFileSize length false lastModified """" false getBoolean"
MainFragment.java,1432,24877,query(),getQuery
MainFragment.java,1450,24881,add(),"new LayoutElementParcelable(getContext() name aMFilePathBuilder.build().toString() """" """" """" 0 false aMFile.lastModified() + """" true getBoolean(PREFERENCE_SHOW_THUMB) OpenMode.SMB)"
MainFragment.java,1483,24905,new LayoutElementParcelable(),"getContext getPath getPermission getLink """" 0 true getDate """" true getBoolean getMode"
MainFragment.java,1527,24934,add(),"new LayoutElementParcelable(getContext() f.getPath() mFile.getPermission() mFile.getLink() size 0 true mFile.getDate() + """" true getBoolean(PREFERENCE_SHOW_THUMB) mFile.getMode())"
MainFragment.java,1514,24933,new LayoutElementParcelable(),"getContext getPath getPermission getLink """" 0 false getDate """" false getBoolean getMode"
MainFragment.java,1497,24906,add(),"new LayoutElementParcelable(getContext() f.getPath() mFile.getPermission() mFile.getLink() size 0 true mFile.getDate() + """" true getBoolean(PREFERENCE_SHOW_THUMB) mFile.getMode())"
MainFragment.java,1584,24990,new Intent(),getContext
MainFragment.java,1599,24995,requestPinShortcut(),getContext build null
MainFragment.java,1575,24984,isRequestPinShortcutSupported(),getContext
MainFragment.java,1639,25029,addItem(),addTo
ProcessViewerFragment.java,171,25168,bindService(),new Intent(getActivity() ExtractService.class) 0
ProcessViewerFragment.java,168,25166,bindService(),new Intent(getActivity() CopyService.class) 0
ProcessViewerFragment.java,177,25172,bindService(),new Intent(getActivity() EncryptService.class) 0
ProcessViewerFragment.java,174,25170,bindService(),new Intent(getActivity() ZipService.class) 0
ProcessViewerFragment.java,180,25174,bindService(),new Intent(getActivity() DecryptService.class) 0
ProcessViewerFragment.java,214,25204,setText(),dataPackage.name
ProcessViewerFragment.java,203,25199,chartInit(),dataPackage.totalSize
ProcessViewerFragment.java,263,25212,setText(),fromHtml
ProcessViewerFragment.java,252,25210,setText(),fromHtml
ProcessViewerFragment.java,242,25208,setText(),fromHtml
ProcessViewerFragment.java,206,25200,setupDrawables(),dataPackage.move
ProcessViewerFragment.java,228,25206,setText(),fromHtml
ProcessViewerFragment.java,370,25309,addDataSet(),createDataSet
ProcessViewerFragment.java,447,25362,processResults(),getDataPackage
ProcessViewerFragment.java,446,25361,getDataPackage(),0
SearchWorkerFragment.java,88,25405,execute(),getString
TabFragment.java,130,25456,setCurrentItem(),getInt true
TabFragment.java,157,25488,setCurrentItem(),getInt
TabFragment.java,198,25523,updateBottomBar(),((MainFragment) (fragment))
TabFragment.java,226,25560,putFragment(),tab 0
TabFragment.java,243,25574,setColor(),evaluate
TabFragment.java,275,25597,updateBottomBar(),((MainFragment) (fragment))
TabFragment.java,350,25681,addTab(),findTab true
TabFragment.java,355,25687,addTab(),"findTab """" false"
TabFragment.java,356,25688,addTab(),findTab true
TabFragment.java,359,25692,addTab(),"findTab """" true"
TabFragment.java,339,25664,addNewTab(),"2 (Utils.isNullOrEmpty(firstTabPath)) ? ""/"" : firstTabPath false"
TabFragment.java,351,25682,addTab(),"findTab """" false"
TabFragment.java,338,25663,addNewTab(),1 (Utils.isNullOrEmpty(secondTabPath)) ? firstTabPath : secondTabPath true
TabFragment.java,360,25693,addTab(),"findTab """" false"
TabFragment.java,383,25720,updateBottomBar(),new MainFragment()
TabFragment.java,378,25713,setArguments(),new Bundle()
TabFragment.java,379,25714,add(),new MainFragment()
ColorPreferenceHelper.java,122,25816,new UserColorPreferences(),getInt getInt getInt getInt
ShareAdapter.java,67,25941,new ViewHolder(),inflate
ShareTask.java,77,25999,setType(),strings[0]
ShareTask.java,66,25979,queryIntentActivities(),new Intent() 0
ShareTask.java,80,26002,add(),new Intent()
ShareTask.java,89,26011,setType(),strings[0]
ShareTask.java,79,26001,setPackage(),resInfo.activityInfo.packageName
ShareTask.java,83,26005,appInstalledOrNot(),com.android.bluetooth getPackageManager
ShareTask.java,92,26014,add(),new Intent()
ShareTask.java,64,25977,setType(),strings[0]
ShareTask.java,128,26050,updateMatDialog(),build
ShareTask.java,124,26046,adapter(),new ShareAdapter(contextc targetShareIntents arrayList1 arrayList2) null
ColorPickerDialog.java,212,26149,addView(),inflateItem
ColorPickerDialog.java,176,26106,inflateItem(),findViewById 0 colorPref.accent
ColorPickerDialog.java,188,26124,addView(),inflateItem
ColorPickerDialog.java,191,26128,inflateItem(),findViewById colorPref.accent
ColorPickerDialog.java,200,26137,addView(),inflateItem
ColorPickerDialog.java,203,26140,inflateItem(),findViewById colorPref.accent
ColorPickerDialog.java,248,26172,setButtonTintList(),new ColorStateList(new int[][]{ new int[]{ -attr.state_enabled }// disabled
ColorPickerDialog.java,236,26165,setOnClickListener(),v -> {
ColorPickerDialog.java,239,26167,setOnClickListener(),v -> {
ColorPickerDialog.java,261,26183,setTextColor(),colorPref.accent
ColorPickerDialog.java,263,26184,setTextColor(),colorPref.accent
GeneralDialogCreation.java,131,26250,negativeColor(),getAccent
GeneralDialogCreation.java,184,26276,new WarnableTextInputValidator(),getContext findViewById findViewById getActionButton
GeneralDialogCreation.java,179,26273,negativeColor(),getAccent
GeneralDialogCreation.java,379,26299,setTextColor(),getAccent
GeneralDialogCreation.java,380,26300,setTextColor(),getAccent
GeneralDialogCreation.java,256,26319,get(),0
GeneralDialogCreation.java,308,26356,updateViews(),((long) (result[0])) ((StringBuilder) (result[3])) ((StringBuilder) (result[4])) ((int) (result[1])) ((int) (result[2]))
GeneralDialogCreation.java,369,26415,setText(),append
GeneralDialogCreation.java,558,26524,getTotal(),getApplicationContext
GeneralDialogCreation.java,456,26477,setText(),getString
GeneralDialogCreation.java,526,26500,new GenerateHashesTask(),getApplicationContext inflate
GeneralDialogCreation.java,449,26472,setTextColor(),getAccent
GeneralDialogCreation.java,583,26543,setData(),new PieData(set)
GeneralDialogCreation.java,567,26531,setColors(),new int[]{ Utils.getColor(c piechart_red) Utils.getColor(c piechart_green) }
GeneralDialogCreation.java,452,26474,setTextColor(),getAccent
GeneralDialogCreation.java,455,26476,setText(),getReadablePath
GeneralDialogCreation.java,616,26566,customView(),inflate true
GeneralDialogCreation.java,418,26448,getDate(),getDate
GeneralDialogCreation.java,457,26478,setText(),getDate
GeneralDialogCreation.java,579,26541,formatFileSize(),getApplicationContext getTotal
GeneralDialogCreation.java,454,26475,setText(),getName
GeneralDialogCreation.java,437,26464,setTextColor(),getAccent
GeneralDialogCreation.java,522,26498,new CountItemsOrAndSizeTask(),getApplicationContext findViewById
GeneralDialogCreation.java,587,26547,executeOnExecutor(),newFixedThreadPool
GeneralDialogCreation.java,566,26530,new PieDataSet(),new ArrayList<>() null
GeneralDialogCreation.java,575,26538,new PieData(),new PieDataSet(entries null)
GeneralDialogCreation.java,527,26501,executeOnExecutor(),newFixedThreadPool
GeneralDialogCreation.java,618,26568,positiveColor(),getAccent
GeneralDialogCreation.java,585,26546,new LoadFolderSpaceDataTask(),getApplicationContext findViewById
GeneralDialogCreation.java,446,26470,setTextColor(),getAccent
GeneralDialogCreation.java,443,26468,setTextColor(),getAccent
GeneralDialogCreation.java,440,26466,setTextColor(),getAccent
GeneralDialogCreation.java,524,26499,executeOnExecutor(),newFixedThreadPool
GeneralDialogCreation.java,420,26450,getName(),getApplicationContext
GeneralDialogCreation.java,701,26616,negativeColor(),getAccent
GeneralDialogCreation.java,699,26614,positiveColor(),getAccent
GeneralDialogCreation.java,724,26632,positiveColor(),getAccent
GeneralDialogCreation.java,895,26668,addTextChangedListener(),new SimpleTextWatcher() {
GeneralDialogCreation.java,893,26666,addTextChangedListener(),new SimpleTextWatcher() {
GeneralDialogCreation.java,894,26667,addTextChangedListener(),new SimpleTextWatcher() {
GeneralDialogCreation.java,972,26691,new FingerprintHandler(),show
GeneralDialogCreation.java,974,26692,authenticate(),getSystemService new FingerprintManager.CryptoObject(CryptUtil.initCipher(c))
GeneralDialogCreation.java,959,26684,customView(),inflate true
GeneralDialogCreation.java,958,26683,setTextColor(),getAccent
GeneralDialogCreation.java,1021,26709,negativeColor(),getAccent
GeneralDialogCreation.java,1114,26766,negativeColor(),
GeneralDialogCreation.java,1192,26785,positiveColor(),
GeneralDialogCreation.java,1193,26786,negativeColor(),
GeneralDialogCreation.java,1178,26784,checkBoxPrompt(),getString contains
GeneralDialogCreation.java,1177,26783,contains(),getCurrentPath
GeneralDialogCreation.java,1176,26782,new HashSet<>(),getStringSet
GeneralDialogCreation.java,1168,26777,getSortType(),getContext getCurrentPath
GeneralDialogCreation.java,1220,26811,updateEntry(),findEntry new Sort(m.getCurrentPath() sortType)
GeneralDialogCreation.java,1216,26804,new Sort(),getCurrentPath (desc) ? dialog.getSelectedIndex() + 4 : dialog.getSelectedIndex()
GeneralDialogCreation.java,1218,26808,addEntry(),new Sort(m.getCurrentPath() sortType)
GeneralDialogCreation.java,1240,26831,positiveColor(),
GeneralDialogCreation.java,1241,26832,negativeColor(),
GeneralDialogCreation.java,1285,26851,adapter(),new HiddenAdapter(m.getActivity() m sharedPrefs toHybridFileArrayList(dataUtils.getHistory()) null true) null
GeneralDialogCreation.java,1272,26846,negativeColor(),
GeneralDialogCreation.java,1288,26853,updateDialog(),build
GeneralDialogCreation.java,1270,26844,positiveColor(),
GeneralDialogCreation.java,1301,26867,positiveColor(),getAccent
GeneralDialogCreation.java,1316,26875,updateDialog(),build
GeneralDialogCreation.java,1313,26872,adapter(),new HiddenAdapter(m.getActivity() m sharedPrefs FileUtils.toHybridFileConcurrentRadixTree(dataUtils.getHiddenFiles()) null false) null
GeneralDialogCreation.java,1348,26900,parse(),f
GeneralDialogCreation.java,1417,26922,widgetColor(),getAccent
GeneralDialogCreation.java,1426,26928,negativeColor(),getAccent
GeneralDialogCreation.java,1423,26926,positiveColor(),getAccent
RenameBookmark.java,66,26945,setArguments(),new Bundle()
RenameBookmark.java,89,26972,new MaterialDialog.Builder(),getActivity
RenameBookmark.java,92,26975,negativeColor(),getInt
RenameBookmark.java,122,27007,decode(),"getUserInfo ""UTF-8"""
RenameBookmark.java,141,27023,setText(),path
RenameBookmark.java,93,26976,neutralColor(),getInt
RenameBookmark.java,100,26983,customView(),inflate true
RenameBookmark.java,91,26974,positiveColor(),getInt
RenameBookmark.java,83,26965,getDefaultSharedPreferences(),getActivity
SftpConnectDialog.java,381,27127,addTextChangedListener(),new SimpleTextWatcher() {
SftpConnectDialog.java,382,27128,addTextChangedListener(),new SimpleTextWatcher() {
SftpConnectDialog.java,380,27126,addTextChangedListener(),new SimpleTextWatcher() {
SftpConnectDialog.java,163,27110,neutralColor(),getAccent
SftpConnectDialog.java,379,27125,addTextChangedListener(),new SimpleTextWatcher() {
SftpConnectDialog.java,162,27109,negativeColor(),getAccent
SftpConnectDialog.java,161,27108,positiveColor(),getAccent
SftpConnectDialog.java,157,27104,customView(),inflate true
SftpConnectDialog.java,369,27154,setEnabled(),length 0 length 0 (portET.getText().toString().length() > 0) ? Integer.parseInt(portET.getText().toString()) : -1 0 (portET.getText().toString().length() > 0) ? Integer.parseInt(portET.getText().toString()) : -1 65536 length 0 true
SftpConnectDialog.java,414,27173,e(),File not found
SftpConnectDialog.java,435,27183,encryptSshPathAsNecessary(),deriveSftpPathFrom
SftpConnectDialog.java,446,27195,containsServer(),deriveSftpPathFrom
SftpConnectDialog.java,460,27202,loadlist(),deriveSftpPathFrom false
SftpConnectDialog.java,482,27227,deriveSftpPathFrom(),getString getInt getString getString getString
SmbConnectDialog.java,217,27331,new URL(),getString
SmbConnectDialog.java,192,27313,setTint(),findViewById getAccent
SmbConnectDialog.java,193,27314,setTint(),findViewById getAccent
SmbConnectDialog.java,226,27349,setText(),substring
SmbConnectDialog.java,195,27315,setTint(),findViewById getAccent
SmbConnectDialog.java,227,27350,setText(),substring
SmbConnectDialog.java,261,27394,neutralColor(),getAccent
SmbConnectDialog.java,220,27336,decode(),"getUserInfo ""UTF-8"""
SmbConnectDialog.java,249,27377,setText(),getString
SmbConnectDialog.java,228,27351,setText(),substring
SmbConnectDialog.java,235,27358,new UrlQuerySanitizer(),getString
SmbConnectDialog.java,256,27385,customView(),inflate true
SmbConnectDialog.java,191,27312,setTint(),findViewById getAccent
SmbConnectDialog.java,215,27325,setText(),getString
SmbConnectDialog.java,233,27357,setText(),getHost
SmbConnectDialog.java,248,27376,setText(),getString
SmbConnectDialog.java,345,27459,isEmpty(),auth[3]
SmbConnectDialog.java,378,27495,new ColorStateList(),new int[3][] new int[3]
SmbConnectDialog.java,385,27509,setSupportBackgroundTintList(),createEditTextColorStateList
SmbConnectDialog.java,387,27515,setBackgroundTintList(),createEditTextColorStateList
SmbSearchDialog.java,165,27590,new ElementViewHolder(),inflate
SmbSearchDialog.java,161,27582,new ElementViewHolder(),inflate
Icons.java,61,27651,put(),
Icons.java,240,27738,checkType(),"getMimeType ""text"""
Icons.java,243,27756,checkType(),"getMimeType ""audio"""
Icons.java,241,27744,checkType(),"getMimeType ""image"""
Icons.java,237,27731,get(),getMimeType
Icons.java,242,27750,checkType(),"getMimeType ""video"""
Icons.java,244,27762,checkType(),"getMimeType ""crypt"""
FtpNotification.java,51,27832,getActivity(),0 new Intent(context MainActivity.class) 0
FtpNotification.java,71,27841,getBroadcast(),0 setPackage
FtpNotification.java,74,27842,addAction(),drawable.ic_menu_close_clear_cancel getString getBroadcast
FtpNotification.java,77,27844,setMetadata(),setOnlyAlertOnce
FtpNotification.java,95,27857,getSystemService(),Context.NOTIFICATION_SERVICE
FtpNotification.java,128,27875,getSystemService(),Context.NOTIFICATION_SERVICE
NotificationConstants.java,108,27946,createNotificationChannel(),new NotificationChannel(CHANNEL_FTP_ID context.getString(channel_name_ftp) NotificationManager.IMPORTANCE_HIGH)
NotificationConstants.java,128,27958,createNotificationChannel(),new NotificationChannel(CHANNEL_NORMAL_ID context.getString(channel_name_normal) NotificationManager.IMPORTANCE_MIN)
BottomBar.java,164,28149,showButtons(),getCurrentMainFragment
BottomBar.java,170,28159,showButtons(),getFragmentAtFrame
BottomBar.java,238,28225,getPathsInPath(),getPath
BottomBar.java,244,28228,setLayoutParams(),new LinearLayout.LayoutParams(appbar.getToolbar().getContentInsetLeft() LayoutParams.WRAP_CONTENT)
BottomBar.java,267,28250,addView(),createFolderButton
BottomBar.java,245,28229,addView(),new View(mainActivity)
BottomBar.java,237,28224,getFolderNamesInPath(),getPath
BottomBar.java,295,28279,add(),new ImageView(mainActivity)
BottomBar.java,314,28299,add(),new Button(mainActivity)
BottomBar.java,384,28386,contains(),toString
BottomBar.java,490,28408,setAnimation(),loadAnimation
BottomBar.java,425,28396,setAnimation(),loadAnimation
BottomBar.java,453,28403,setAnimation(),loadAnimation
BottomBar.java,388,28389,setAnimation(),loadAnimation
SearchView.java,100,28533,getLocationOnScreen(),new int[2]
SearchView.java,153,28578,getLocationOnScreen(),new int[2]
CustomNavigationView.java,97,28704,new SavedState(),onSaveInstanceState
Drawer.java,249,28762,convertDbToPx(),screenWidth - ScreenUtils.TOOLBAR_HEIGHT_IN_DP
Drawer.java,352,28850,addNewItem(),getMenu com.amaze.filemanager.ui.views.drawer.MenuMetadata drawable.ic_delete_grey_24dp
Drawer.java,338,28843,addNewItem(),getMenu com.amaze.filemanager.ui.views.drawer.MenuMetadata drawable.ic_delete_grey_24dp
Drawer.java,464,28909,addNewItem(),getMenu com.amaze.filemanager.ui.views.drawer.MenuMetadata null
Drawer.java,562,28936,setGroupCheckable(),true true
Drawer.java,395,28871,sort(),new ArrayList<>() com.amaze.filemanager.utils.BookSorter
Drawer.java,444,28899,addNewItem(),getMenu com.amaze.filemanager.ui.views.drawer.MenuMetadata null
Drawer.java,474,28914,addNewItem(),getMenu com.amaze.filemanager.ui.views.drawer.MenuMetadata null
Drawer.java,495,28922,addNewItem(),getMenu com.amaze.filemanager.ui.views.drawer.MenuMetadata null
Drawer.java,280,28796,new File(),storageDirectory.path
Drawer.java,454,28904,addNewItem(),getMenu com.amaze.filemanager.ui.views.drawer.MenuMetadata null
Drawer.java,424,28889,addNewItem(),getMenu com.amaze.filemanager.ui.views.drawer.MenuMetadata null
Drawer.java,543,28924,addNewItem(),getMenu com.amaze.filemanager.ui.views.drawer.MenuMetadata null
Drawer.java,313,28825,setStorages(),new ArrayList<>()
Drawer.java,519,28923,addNewItem(),getMenu com.amaze.filemanager.ui.views.drawer.MenuMetadata null
Drawer.java,380,28864,addNewItem(),getMenu com.amaze.filemanager.ui.views.drawer.MenuMetadata drawable.ic_delete_grey_24dp
Drawer.java,568,28943,selectActionView(),getSelected
Drawer.java,287,28803,addNewItem(),"getMenu ""OTG"" com.amaze.filemanager.ui.views.drawer.MenuMetadata"
Drawer.java,484,28919,addNewItem(),getMenu com.amaze.filemanager.ui.views.drawer.MenuMetadata null
Drawer.java,299,28809,addNewItem(),getMenu storageDirectory.name com.amaze.filemanager.ui.views.drawer.MenuMetadata storageDirectory.iconRes
Drawer.java,284,28799,add(),storageDirectory.path
Drawer.java,434,28894,addNewItem(),getMenu com.amaze.filemanager.ui.views.drawer.MenuMetadata null
Drawer.java,366,28857,addNewItem(),getMenu com.amaze.filemanager.ui.views.drawer.MenuMetadata drawable.ic_delete_grey_24dp
Drawer.java,584,28954,putDrawerMetadata(),setIcon
Drawer.java,608,28977,putDrawerMetadata(),setIcon
Drawer.java,767,29156,showSMBDialog(),toString meta.path true
Drawer.java,765,29150,renameBookmark(),toString meta.path
Drawer.java,769,29162,showSftpDialog(),toString meta.path true
Drawer.java,799,29216,get(),getString com.android.volley.toolbox.ImageLoader$ImageListener
Drawer.java,821,29242,selectCorrectDrawerItem(),findLongestContainingDrawerItem
Drawer.java,836,29256,selectActionView(),findItem
Drawer.java,835,29255,setCheckedItem(),findItem
CheckBox.java,56,29397,getChildAt(),0
CheckBox.java,63,29410,clearListenerInViewGroup(),((ViewGroup) (childView))
PathSwitchPreference.java,72,29453,setOnClickListener(),view -> {
CheckableCircleView.java,70,29516,setBounds(),min * CHECK_MARGIN_PERCENTUAL min * CHECK_MARGIN_PERCENTUAL getWidth min * CHECK_MARGIN_PERCENTUAL getHeight min * CHECK_MARGIN_PERCENTUAL
CheckableCircleView.java,66,29511,drawCircle(),getWidth 2.0F getHeight 2.0F min 2.0F
CircularColorsView.java,98,29574,set(),diameter / 2.0F getHeight() / 2 diameter / 2.0F diameter / 2.0F getHeight() / 2 diameter / 2.0F
CircularColorsView.java,111,29578,drawCircle(),getHeight() / 2 diameter / 2.0F
CircularColorsView.java,112,29579,drawCircle(),getHeight() / 2 diameter / 2.0F
CircularColorsView.java,88,29570,min(),getHeight() * DIAMETER_PERCENTUAL ((getWidth() - (distance * 2)) / 3.0F) * DIAMETER_PERCENTUAL
DividerItemDecoration.java,74,29624,getChildAt(),(showtopbottomdividers) ? 0 : 1
DividerItemDecoration.java,86,29634,setBounds(),parent.getPaddingLeft() + leftPaddingPx child.getBottom() + params.bottomMargin (parent.getWidth() - parent.getPaddingRight()) - rightPaddingPx top + mDivider.getIntrinsicHeight()
FastScroller.java,122,29703,setBackgroundDrawable(),new InsetDrawable(new ColorDrawable(resolveColor) getResources().getDimensionPixelSize(fastscroller_track_padding) 0 0 0)
FastScroller.java,139,29722,setHandlePosition1(),getRelativeTouchPosition
FastScroller.java,141,29724,setRecyclerViewPosition(),getRelativeTouchPosition
FastScroller.java,179,29771,scrollToPosition(),clamp
FastScroller.java,178,29770,clamp(),0 getItemCount 1 getItemCount
FastScroller.java,219,29794,setImageDrawable(),new StateListDrawable()
Indicator.java,201,29868,setJoiningFraction(),position positionOffset
Indicator.java,302,29989,calculateDotPositions(),getSize getSize
Indicator.java,301,29988,setMeasuredDimension(),getSize getSize
Indicator.java,550,30194,setJoiningFraction(),0 1.0F
Indicator.java,546,30185,setJoiningFraction(),0 1.0F
Indicator.java,740,30281,setDotRevealFraction(),
RoundedImageView.java,76,30333,drawCircle(),getWidth 2 getHeight 2 (min / 2.0F) - (backgroundCircleMargin * 2)
RoundedImageView.java,81,30340,drawableToBitmap(),getDrawable
RoundedImageView.java,68,30324,min(),getWidth getHeight
RoundedImageView.java,77,30334,drawBitmap(),getWidth 2 getWidth 2 getHeight 2 getHeight 2 null
RoundedImageView.java,129,30384,new Canvas(),createBitmap
RoundedImageView.java,138,30391,drawCircle(),getWidth 2 0.7F getHeight 2 0.7F getWidth 2 0.1F new Paint()
RoundedImageView.java,144,30393,drawBitmap(),createScaledBitmap new Rect(0 0 finalBitmap.getWidth() finalBitmap.getHeight()) new Rect(0 0 finalBitmap.getWidth() finalBitmap.getHeight()) new Paint()
RoundedImageView.java,174,30420,draw(),new Canvas(bitmap)
RoundedImageView.java,172,30418,new Canvas(),createBitmap
RoundedImageView.java,192,30432,createBitmap(),((int) (radius * relativeWidth)) ((int) (radius * relativeHeight))
RoundedImageView.java,193,30433,new Canvas(),createBitmap
RoundedImageView.java,195,30435,draw(),new Canvas(bitmap)
RoundedImageView.java,194,30434,setBounds(),0 0 ((int) (radius * relativeWidth)) ((int) (radius * relativeHeight))
ScrimInsetsRelativeLayout.java,95,30475,set(),0 0 getWidth
ScrimInsetsRelativeLayout.java,105,30481,set(),0 getHeight
ScrimInsetsRelativeLayout.java,114,30487,restoreToCount(),save
ScrimInsetsRelativeLayout.java,100,30478,set(),0 getHeight getWidth getHeight
ScrimInsetsRelativeLayout.java,110,30484,set(),getWidth getWidth getHeight
WarnableTextInputValidator.java,68,30595,setEnabled(),doValidate
WarnableTextInputValidator.java,115,30654,setCompoundDrawablesWithIntrinsicBounds(),0 0 (drawable != null) ? drawable : 0 0
ItemPopupMenu.java,126,30735,new PasteHelper(),getMainActivity (item.getItemId() == id.cpy) ? PasteHelper.OPERATION_COPY : PasteHelper.OPERATION_CUT
ItemPopupMenu.java,131,30736,setPaste(),new PasteHelper(mainFragment.getMainActivity() op new HybridFileParcelable[]{ rowItem.generateBaseFile() })
ItemPopupMenu.java,247,30795,showEncryptWarningDialog(),new Intent(context EncryptService.class) getAppTheme new EncryptDecryptUtils.EncryptButtonCallbackInterface() {
ItemPopupMenu.java,157,30763,deleteFilesDialog(),getElementsList getMainActivity new ArrayList<>() getAppTheme
ItemPopupMenu.java,236,30787,onButtonPressed(),new Intent(context EncryptService.class)
ItemPopupMenu.java,167,30769,openWith(),java.io.File getBoolean
ItemPopupMenu.java,110,30715,shareFiles(),new ArrayList<>() getMainActivity getAppTheme
DataUtils.java,199,31055,remove(),
DataUtils.java,211,31075,remove(),
DataUtils.java,205,31065,remove(),
DataUtils.java,217,31085,remove(),
DataUtils.java,373,31303,setPathAsGridOrList(),
DataUtils.java,381,31317,setPathAsGridOrList(),
EditTextColorStateUtil.java,44,31411,setSupportBackgroundTintList(),createEditTextColorStateList
EditTextColorStateUtil.java,46,31417,setBackgroundTintList(),createEditTextColorStateList
EditTextColorStateUtil.java,62,31435,new ColorStateList(),new int[3][] new int[3]
FingerprintHandler.java,67,31446,authenticate(),new CancellationSignal() 0 null
MainActivityHelper.java,103,31534,content(),getString
MainActivityHelper.java,115,31548,new File(),getPath
MainActivityHelper.java,119,31551,add(),getPath
MainActivityHelper.java,279,31633,customView(),inflate true
MainActivityHelper.java,301,31645,startActivityForResult(),new Intent(Intent.ACTION_OPEN_DOCUMENT_TREE) 3
MainActivityHelper.java,315,31654,rename(),new HybridFile(mode oldPath) new HybridFile(mode newPath) com.amaze.filemanager.utils.MainActivityHelper$2
MainActivityHelper.java,453,31763,runService(),new Intent(mainActivity ZipService.class)
MainActivityHelper.java,702,31981,addSearchFragment(),getSupportFragmentManager com.amaze.filemanager.ui.fragments.SearchWorkerFragment getCurrentPath isRootExplorer getBoolean getBoolean
MainActivityHelper.java,742,31993,setArguments(),new Bundle()
OTGUtil.java,100,32043,new HybridFileParcelable(),/ getName parseDocumentFilePermission lastModified 0 isDirectory
OTGUtil.java,82,32011,fromTreeUri(),getUsbOtgRoot
OTGUtil.java,109,32046,onFileFound(),"new HybridFileParcelable((path + ""/"") + file.getName() RootHelper.parseDocumentFilePermission(file) file.lastModified() size file.isDirectory())"
OTGUtil.java,126,32058,fromTreeUri(),getUsbOtgRoot
OTGUtil.java,134,32074,findFile(),
OTGUtil.java,148,32088,isDocumentUri(),getUsbOtgRoot
OTGUtil.java,171,32117,new UsbOtgRepresentation(),getProductId getVendorId (VERSION.SDK_INT >= VERSION_CODES.LOLLIPOP) ? device.getSerialNumber() : null
OTGUtil.java,162,32105,get(),
OTGUtil.java,173,32118,add(),new UsbOtgRepresentation(device.getProductId() device.getVendorId() serial)
OTGUtil.java,165,32110,getInterface(),0
OneCharacterCharSequence.java,54,32154,new String(),new char[length]
OneCharacterCharSequence.java,53,32153,fill(),new char[length]
PreferenceUtils.java,47,32178,max(),blue 0.6F 0
ProgressHandler.java,70,32185,onProgressed(),newPosition - writtenSize
ScreenUtils.java,46,32271,getMetrics(),new DisplayMetrics()
ScreenUtils.java,52,32278,getMetrics(),new DisplayMetrics()
SmbUtil.java,62,32318,append(),decryptPassword
SmbUtil.java,60,32314,isEmpty(),substring
SmbUtil.java,61,32317,decryptPassword(),substring
SmbUtil.java,82,32337,encryptPassword(),substring
SmbUtil.java,83,32338,append(),encryptPassword
SmbUtil.java,81,32334,isEmpty(),substring
SmbUtil.java,94,32348,createWithDisableIpcSigningCheck(),parseBoolean
SubnetScanner.java,100,32385,e(),Error initializing jcifs
SubnetScanner.java,97,32381,init(),new Properties()
SubnetScanner.java,123,32401,formatIpAddress(),getIpAddress
SubnetScanner.java,144,32442,publishProgress(),get
SubnetScanner.java,141,32437,remove(),0
SubnetScanner.java,192,32512,getByName(),substring
SubnetScanner.java,224,32545,add(),
TinyDB.java,60,32584,split(),getString
Utils.java,84,32599,min(),max
Utils.java,91,32607,getLocationInWindow(),new int[2]
Utils.java,111,32627,setButtonDrawable(),wrap
Utils.java,110,32626,setTintList(),wrap new ColorStateList(new int[][]{ new int[]{ -attr.state_checked } new int[]{ attr.state_checked } } new int[]{ getColor(context grey) color })
Utils.java,105,32622,setButtonTintList(),new ColorStateList(new int[][]{ new int[]{ -attr.state_checked } new int[]{ attr.state_checked } } new int[]{ getColor(context grey) color })
Utils.java,168,32672,substring(),indexOfDifferenceStrings
Utils.java,177,32692,charAt(),0
Utils.java,216,32742,equals(),input
Utils.java,267,32813,charAt(),str.length() - 1
Utils.java,283,32827,format(),%02d:%02d toMinutes toSeconds
Utils.java,374,32903,startActivity(),new Intent(Intent.ACTION_VIEW)
Utils.java,393,32917,putExtra(),new String[]{ EMAIL_EMMANUEL EMAIL_RAYMOND }
Utils.java,392,32916,putExtra(),new String[]{ EMAIL_VISHAL }
